User-ID,ISBN,Book-Rating
U0000,BK00003,8
U0000,BK00009,9
U0000,BK00002,9
U0000,BK00005,10
U0000,BK00000,10
U0000,BK00004,8
U0000,BK00006,10
U0000,BK00007,9
U0000,BK00001,10
U0000,BK00008,10
U0001,BK00051,9
U0001,BK00049,8
U0001,BK00050,8
U0001,BK00054,10
U0001,BK00052,8
U0001,BK00053,9
U0001,BK00009,5
U0001,BK00013,7
U0002,BK00003,10
U0002,BK00053,9
U0002,BK00006,10
U0002,BK00001,9
U0002,BK00008,9
U0002,BK00004,9
U0002,BK00009,9
U0002,BK00005,9
U0002,BK00054,9
U0002,BK00050,8
U0002,BK00000,10
U0002,BK00052,9
U0002,BK00051,10
U0002,BK00007,9
U0002,BK00049,9
U0002,BK00002,10
U0003,BK00055,10
U0003,BK00038,10
U0003,BK00039,10
U0003,BK00057,9
U0003,BK00040,9
U0003,BK00041,9
U0003,BK00056,9
U0003,BK00058,10
U0003,BK00042,10
U0003,BK00065,5
U0003,BK00050,7
U0003,BK00020,6
U0003,BK00013,7
U0004,BK00032,10
U0004,BK00031,10
U0004,BK00046,10
U0004,BK00043,10
U0004,BK00035,9
U0004,BK00047,10
U0004,BK00037,8
U0004,BK00030,8
U0004,BK00052,7
U0004,BK00004,5
U0004,BK00024,5
U0005,BK00039,9
U0005,BK00041,10
U0005,BK00038,10
U0005,BK00042,9
U0005,BK00040,9
U0005,BK00063,5
U0005,BK00006,4
U0005,BK00060,7
U0005,BK00047,7
U0006,BK00066,8
U0006,BK00059,10
U0006,BK00065,9
U0006,BK00061,9
U0006,BK00063,10
U0006,BK00064,10
U0006,BK00062,9
U0006,BK00060,9
U0006,BK00005,7
U0006,BK00048,7
U0006,BK00031,6
U0006,BK00052,4
U0007,BK00042,9
U0007,BK00045,8
U0007,BK00029,8
U0007,BK00031,9
U0007,BK00041,8
U0007,BK00044,10
U0007,BK00033,9
U0007,BK00028,9
U0007,BK00036,10
U0007,BK00040,9
U0007,BK00032,10
U0007,BK00039,9
U0007,BK00037,10
U0007,BK00034,10
U0007,BK00030,10
U0008,BK00050,8
U0008,BK00049,8
U0008,BK00053,8
U0008,BK00051,10
U0008,BK00054,9
U0008,BK00052,8
U0008,BK00026,4
U0008,BK00029,4
U0008,BK00061,4
U0009,BK00022,9
U0009,BK00021,9
U0009,BK00052,10
U0009,BK00050,10
U0009,BK00044,10
U0009,BK00045,9
U0009,BK00026,10
U0009,BK00049,8
U0009,BK00024,9
U0010,BK00007,8
U0010,BK00004,10
U0010,BK00006,10
U0010,BK00008,10
U0010,BK00045,10
U0010,BK00001,9
U0010,BK00009,8
U0010,BK00002,10
U0010,BK00005,8
U0010,BK00000,9
U0010,BK00044,8
U0010,BK00003,10
U0011,BK00029,10
U0011,BK00031,9
U0011,BK00028,9
U0011,BK00032,10
U0011,BK00035,9
U0011,BK00036,8
U0011,BK00030,8
U0011,BK00037,10
U0011,BK00033,10
U0011,BK00034,10
U0011,BK00016,3
U0012,BK00057,9
U0012,BK00055,9
U0012,BK00056,10
U0012,BK00058,10
U0012,BK00023,5
U0013,BK00000,9
U0013,BK00004,9
U0013,BK00058,9
U0013,BK00040,9
U0013,BK00007,10
U0013,BK00041,10
U0013,BK00057,9
U0013,BK00028,3
U0013,BK00053,3
U0014,BK00000,10
U0014,BK00007,10
U0014,BK00040,10
U0014,BK00005,10
U0014,BK00020,3
U0014,BK00062,3
U0015,BK00020,8
U0015,BK00026,9
U0015,BK00022,9
U0015,BK00024,9
U0015,BK00021,8
U0015,BK00023,9
U0015,BK00027,10
U0015,BK00025,10
U0015,BK00031,7
U0015,BK00065,4
U0016,BK00026,8
U0016,BK00020,10
U0016,BK00021,8
U0016,BK00022,10
U0016,BK00023,9
U0016,BK00024,9
U0016,BK00027,10
U0016,BK00025,9
U0016,BK00058,5
U0017,BK00031,9
U0017,BK00034,9
U0017,BK00033,10
U0017,BK00030,10
U0018,BK00001,8
U0018,BK00014,10
U0018,BK00004,8
U0018,BK00046,10
U0018,BK00048,10
U0018,BK00009,9
U0018,BK00007,9
U0018,BK00006,10
U0018,BK00018,8
U0018,BK00005,9
U0018,BK00017,10
U0018,BK00016,9
U0018,BK00060,3
U0018,BK00032,5
U0018,BK00036,7
U0019,BK00048,10
U0019,BK00043,9
U0019,BK00045,10
U0019,BK00044,10
U0019,BK00046,8
U0019,BK00047,9
U0019,BK00039,5
U0020,BK00045,9
U0020,BK00044,8
U0020,BK00058,5
U0020,BK00027,7
U0020,BK00062,7
U0021,BK00017,8
U0021,BK00016,8
U0021,BK00014,10
U0021,BK00010,9
U0021,BK00011,9
U0021,BK00013,10
U0021,BK00037,10
U0021,BK00019,8
U0021,BK00033,10
U0021,BK00031,9
U0021,BK00036,8
U0021,BK00032,10
U0021,BK00030,9
U0021,BK00047,6
U0021,BK00025,7
U0021,BK00009,7
U0022,BK00052,9
U0022,BK00047,9
U0022,BK00045,9
U0022,BK00054,9
U0022,BK00049,10
U0022,BK00051,8
U0022,BK00046,9
U0022,BK00044,9
U0022,BK00048,9
U0022,BK00053,10
U0022,BK00043,9
U0022,BK00050,9
U0022,BK00004,3
U0022,BK00057,6
U0022,BK00018,6
U0023,BK00055,10
U0023,BK00058,10
U0023,BK00051,10
U0023,BK00053,10
U0023,BK00049,9
U0023,BK00054,10
U0023,BK00052,9
U0023,BK00056,9
U0023,BK00050,10
U0023,BK00057,10
U0023,BK00045,3
U0023,BK00024,6
U0024,BK00020,10
U0024,BK00026,9
U0024,BK00044,9
U0024,BK00021,10
U0024,BK00022,9
U0024,BK00023,9
U0024,BK00025,10
U0024,BK00024,9
U0024,BK00045,10
U0024,BK00027,9
U0024,BK00011,3
U0024,BK00003,6
U0024,BK00016,3
U0025,BK00034,8
U0025,BK00001,10
U0025,BK00000,9
U0025,BK00007,10
U0025,BK00006,9
U0025,BK00035,9
U0025,BK00019,4
U0025,BK00025,7
U0025,BK00018,7
U0025,BK00054,3
U0026,BK00042,10
U0026,BK00038,9
U0026,BK00039,8
U0026,BK00040,9
U0026,BK00041,10
U0026,BK00004,3
U0027,BK00002,10
U0027,BK00008,10
U0027,BK00043,10
U0027,BK00005,10
U0027,BK00000,9
U0027,BK00006,9
U0027,BK00007,9
U0027,BK00001,8
U0027,BK00048,9
U0027,BK00045,10
U0027,BK00047,9
U0027,BK00003,10
U0027,BK00044,10
U0027,BK00004,10
U0027,BK00046,10
U0027,BK00057,5
U0027,BK00027,3
U0027,BK00055,6
U0027,BK00050,5
U0028,BK00051,10
U0028,BK00054,10
U0028,BK00053,10
U0028,BK00050,9
U0028,BK00052,10
U0028,BK00049,10
U0028,BK00066,6
U0028,BK00012,3
U0028,BK00005,3
U0028,BK00015,5
U0029,BK00045,9
U0029,BK00044,10
U0029,BK00046,5
U0029,BK00056,5
U0029,BK00042,5
U0030,BK00015,9
U0030,BK00011,9
U0030,BK00012,9
U0030,BK00018,9
U0030,BK00016,8
U0030,BK00013,10
U0030,BK00017,9
U0030,BK00014,9
U0030,BK00019,8
U0030,BK00010,8
U0030,BK00028,7
U0031,BK00054,9
U0031,BK00020,10
U0031,BK00050,8
U0031,BK00024,8
U0031,BK00027,10
U0031,BK00052,10
U0031,BK00049,8
U0031,BK00011,7
U0031,BK00003,3
U0032,BK00024,10
U0032,BK00020,10
U0032,BK00021,9
U0032,BK00026,10
U0032,BK00023,10
U0032,BK00022,8
U0032,BK00027,10
U0032,BK00025,8
U0032,BK00066,4
U0032,BK00036,4
U0032,BK00019,5
U0033,BK00022,9
U0033,BK00024,9
U0033,BK00020,10
U0033,BK00021,8
U0033,BK00025,9
U0033,BK00026,9
U0033,BK00027,10
U0033,BK00023,9
U0033,BK00002,6
U0033,BK00014,3
U0034,BK00030,10
U0034,BK00029,10
U0034,BK00033,10
U0034,BK00037,10
U0034,BK00038,8
U0034,BK00039,10
U0034,BK00024,8
U0034,BK00031,10
U0034,BK00019,5
U0034,BK00045,7
U0034,BK00017,5
U0035,BK00019,10
U0035,BK00010,10
U0035,BK00014,8
U0035,BK00017,10
U0035,BK00018,9
U0035,BK00011,10
U0035,BK00013,9
U0035,BK00012,9
U0035,BK00016,8
U0035,BK00015,9
U0035,BK00044,5
U0036,BK00040,9
U0036,BK00049,10
U0036,BK00039,10
U0036,BK00050,10
U0036,BK00051,8
U0036,BK00038,9
U0036,BK00054,9
U0036,BK00041,10
U0036,BK00042,9
U0036,BK00052,9
U0036,BK00053,10
U0036,BK00003,6
U0036,BK00012,3
U0036,BK00033,3
U0037,BK00028,10
U0037,BK00027,9
U0037,BK00023,8
U0037,BK00030,9
U0037,BK00035,10
U0037,BK00031,9
U0037,BK00024,10
U0037,BK00041,9
U0037,BK00020,8
U0037,BK00040,9
U0037,BK00039,9
U0037,BK00038,10
U0037,BK00032,10
U0037,BK00036,10
U0037,BK00026,9
U0037,BK00034,10
U0037,BK00021,10
U0037,BK00025,10
U0037,BK00033,9
U0037,BK00029,9
U0037,BK00037,10
U0037,BK00009,7
U0037,BK00044,6
U0037,BK00012,6
U0037,BK00061,5
U0038,BK00034,9
U0038,BK00031,10
U0038,BK00037,10
U0038,BK00028,9
U0038,BK00030,8
U0038,BK00036,10
U0038,BK00032,8
U0038,BK00029,10
U0038,BK00035,10
U0038,BK00033,8
U0039,BK00044,8
U0039,BK00045,9
U0039,BK00043,7
U0039,BK00052,6
U0040,BK00058,8
U0040,BK00050,10
U0040,BK00052,8
U0040,BK00054,8
U0040,BK00055,10
U0040,BK00014,4
U0040,BK00044,5
U0041,BK00000,8
U0041,BK00004,10
U0041,BK00005,10
U0041,BK00002,10
U0041,BK00003,9
U0041,BK00001,10
U0041,BK00008,10
U0041,BK00006,9
U0041,BK00007,9
U0041,BK00009,10
U0041,BK00021,5
U0042,BK00009,10
U0042,BK00042,10
U0042,BK00005,9
U0042,BK00003,10
U0042,BK00040,9
U0042,BK00039,9
U0042,BK00002,8
U0042,BK00000,10
U0042,BK00008,9
U0042,BK00007,8
U0042,BK00041,10
U0042,BK00006,8
U0042,BK00004,10
U0042,BK00001,10
U0042,BK00038,9
U0042,BK00047,4
U0042,BK00016,7
U0042,BK00025,5
U0043,BK00030,10
U0043,BK00029,9
U0043,BK00028,9
U0043,BK00037,9
U0043,BK00031,10
U0043,BK00035,9
U0043,BK00034,10
U0043,BK00033,10
U0043,BK00032,9
U0043,BK00036,9
U0043,BK00020,5
U0043,BK00057,6
U0044,BK00046,9
U0044,BK00047,10
U0044,BK00048,10
U0044,BK00016,9
U0044,BK00012,8
U0044,BK00014,9
U0044,BK00011,10
U0044,BK00043,8
U0044,BK00017,10
U0044,BK00015,10
U0044,BK00018,9
U0044,BK00013,10
U0044,BK00010,9
U0044,BK00019,8
U0044,BK00057,6
U0044,BK00061,5
U0045,BK00011,9
U0045,BK00019,10
U0045,BK00025,10
U0045,BK00027,9
U0045,BK00024,10
U0045,BK00052,6
U0046,BK00019,9
U0046,BK00013,10
U0046,BK00044,8
U0046,BK00021,8
U0046,BK00011,9
U0046,BK00023,9
U0046,BK00027,9
U0046,BK00018,10
U0046,BK00014,9
U0046,BK00025,8
U0046,BK00016,10
U0046,BK00010,9
U0046,BK00017,10
U0046,BK00020,9
U0046,BK00015,9
U0046,BK00022,9
U0046,BK00045,9
U0046,BK00026,10
U0046,BK00012,8
U0047,BK00059,9
U0047,BK00063,10
U0047,BK00022,10
U0047,BK00021,8
U0047,BK00061,8
U0047,BK00020,10
U0047,BK00064,10
U0047,BK00062,9
U0047,BK00025,10
U0047,BK00026,10
U0047,BK00065,8
U0047,BK00024,10
U0047,BK00060,10
U0047,BK00066,9
U0047,BK00023,10
U0047,BK00027,8
U0048,BK00004,10
U0048,BK00001,9
U0048,BK00002,8
U0048,BK00041,9
U0048,BK00009,9
U0048,BK00014,7
U0048,BK00015,7
U0048,BK00030,7
U0049,BK00056,10
U0049,BK00057,9
U0049,BK00058,10
U0049,BK00044,10
U0049,BK00055,10
U0049,BK00045,8
U0049,BK00028,5
U0049,BK00062,6
U0049,BK00014,5
U0050,BK00046,10
U0050,BK00027,9
U0050,BK00026,10
U0050,BK00025,8
U0050,BK00022,9
U0050,BK00043,10
U0050,BK00021,9
U0050,BK00047,9
U0050,BK00024,8
U0050,BK00020,10
U0050,BK00023,10
U0050,BK00048,9
U0051,BK00049,10
U0051,BK00051,10
U0051,BK00053,10
U0051,BK00054,8
U0051,BK00050,10
U0051,BK00052,9
U0051,BK00060,3
U0051,BK00035,4
U0051,BK00055,5
U0052,BK00047,9
U0052,BK00066,8
U0052,BK00064,8
U0052,BK00061,10
U0053,BK00045,9
U0053,BK00044,9
U0053,BK00049,7
U0054,BK00024,10
U0054,BK00009,8
U0054,BK00011,9
U0054,BK00021,10
U0054,BK00012,8
U0054,BK00018,9
U0054,BK00004,10
U0054,BK00003,10
U0054,BK00005,10
U0054,BK00056,5
U0054,BK00054,3
U0054,BK00047,4
U0054,BK00041,6
U0055,BK00006,10
U0055,BK00034,9
U0055,BK00004,8
U0055,BK00036,10
U0055,BK00008,8
U0055,BK00009,10
U0055,BK00059,8
U0055,BK00003,10
U0055,BK00000,8
U0055,BK00064,9
U0055,BK00062,10
U0055,BK00005,10
U0055,BK00035,10
U0055,BK00054,6
U0055,BK00024,6
U0055,BK00052,5
U0056,BK00045,8
U0056,BK00044,9
U0056,BK00060,6
U0056,BK00048,7
U0056,BK00011,6
U0056,BK00057,7
U0057,BK00045,10
U0057,BK00044,8
U0057,BK00021,7
U0057,BK00009,7
U0058,BK00046,10
U0058,BK00043,9
U0058,BK00047,8
U0058,BK00048,9
U0058,BK00012,6
U0058,BK00011,6
U0059,BK00063,9
U0059,BK00043,9
U0059,BK00061,8
U0059,BK00066,8
U0059,BK00047,10
U0059,BK00051,10
U0059,BK00048,10
U0059,BK00052,10
U0059,BK00050,10
U0059,BK00059,10
U0059,BK00064,10
U0059,BK00053,8
U0059,BK00049,10
U0059,BK00046,10
U0059,BK00028,4
U0059,BK00002,5
U0059,BK00003,7
U0060,BK00023,9
U0060,BK00056,10
U0060,BK00021,10
U0060,BK00026,10
U0060,BK00057,10
U0061,BK00055,10
U0061,BK00026,9
U0061,BK00058,9
U0061,BK00025,8
U0061,BK00047,10
U0061,BK00046,9
U0061,BK00020,9
U0061,BK00056,9
U0061,BK00021,10
U0061,BK00022,9
U0061,BK00048,10
U0061,BK00024,8
U0061,BK00023,9
U0061,BK00016,7
U0061,BK00062,6
U0062,BK00057,9
U0062,BK00058,9
U0062,BK00026,10
U0062,BK00055,9
U0062,BK00025,9
U0062,BK00020,9
U0062,BK00019,4
U0062,BK00011,3
U0063,BK00058,9
U0063,BK00056,10
U0063,BK00018,10
U0063,BK00010,9
U0063,BK00015,10
U0063,BK00012,9
U0063,BK00016,10
U0063,BK00011,9
U0063,BK00017,9
U0063,BK00019,10
U0063,BK00014,9
U0063,BK00057,9
U0063,BK00013,10
U0063,BK00055,10
U0063,BK00033,6
U0063,BK00053,5
U0063,BK00060,6
U0064,BK00026,9
U0064,BK00023,8
U0064,BK00057,9
U0064,BK00044,9
U0064,BK00055,10
U0064,BK00021,10
U0064,BK00045,9
U0064,BK00024,10
U0064,BK00027,8
U0064,BK00020,9
U0065,BK00043,9
U0065,BK00002,10
U0065,BK00004,9
U0065,BK00001,10
U0065,BK00048,10
U0065,BK00008,10
U0065,BK00046,8
U0065,BK00047,8
U0065,BK00003,8
U0065,BK00009,9
U0065,BK00007,9
U0065,BK00000,9
U0065,BK00006,10
U0065,BK00005,10
U0065,BK00012,7
U0066,BK00014,9
U0066,BK00011,9
U0066,BK00010,9
U0066,BK00013,10
U0066,BK00016,8
U0066,BK00019,10
U0066,BK00017,9
U0066,BK00041,9
U0066,BK00040,10
U0066,BK00039,10
U0066,BK00042,9
U0066,BK00001,3
U0066,BK00055,7
U0066,BK00044,5
U0066,BK00051,3
U0067,BK00003,9
U0067,BK00056,10
U0067,BK00000,10
U0067,BK00066,9
U0067,BK00063,9
U0067,BK00055,8
U0067,BK00006,10
U0067,BK00007,8
U0067,BK00008,9
U0067,BK00060,9
U0067,BK00058,8
U0067,BK00065,9
U0067,BK00001,8
U0067,BK00002,9
U0067,BK00057,9
U0067,BK00004,10
U0067,BK00046,6
U0067,BK00031,7
U0068,BK00042,10
U0068,BK00000,9
U0068,BK00007,9
U0068,BK00038,10
U0068,BK00005,10
U0068,BK00008,9
U0068,BK00009,10
U0068,BK00039,9
U0068,BK00001,8
U0068,BK00040,10
U0068,BK00035,3
U0068,BK00062,6
U0068,BK00043,7
U0069,BK00057,10
U0069,BK00055,10
U0069,BK00058,9
U0069,BK00056,10
U0069,BK00019,5
U0069,BK00028,6
U0070,BK00047,9
U0070,BK00048,8
U0070,BK00043,9
U0070,BK00046,10
U0070,BK00023,6
U0070,BK00032,3
U0070,BK00055,4
U0071,BK00033,9
U0071,BK00034,9
U0071,BK00028,9
U0071,BK00032,8
U0071,BK00029,8
U0071,BK00031,9
U0071,BK00030,10
U0071,BK00037,10
U0071,BK00036,10
U0071,BK00035,10
U0071,BK00008,3
U0071,BK00043,5
U0071,BK00023,5
U0071,BK00025,6
U0072,BK00066,9
U0072,BK00060,9
U0072,BK00059,8
U0072,BK00065,10
U0072,BK00064,10
U0072,BK00063,9
U0072,BK00062,9
U0072,BK00061,9
U0073,BK00046,10
U0073,BK00043,8
U0073,BK00047,9
U0073,BK00048,10
U0073,BK00054,7
U0074,BK00058,8
U0074,BK00050,10
U0074,BK00057,10
U0074,BK00051,10
U0074,BK00052,9
U0074,BK00054,9
U0074,BK00053,10
U0074,BK00056,10
U0074,BK00004,4
U0074,BK00008,4
U0074,BK00020,6
U0074,BK00041,7
U0075,BK00012,10
U0075,BK00014,9
U0075,BK00019,9
U0075,BK00011,9
U0075,BK00017,10
U0075,BK00016,10
U0075,BK00015,8
U0075,BK00013,10
U0075,BK00018,9
U0075,BK00010,10
U0075,BK00022,7
U0075,BK00050,4
U0076,BK00059,10
U0076,BK00065,10
U0076,BK00066,9
U0076,BK00064,9
U0076,BK00063,10
U0076,BK00061,9
U0076,BK00060,10
U0076,BK00062,9
U0076,BK00026,6
U0076,BK00039,3
U0076,BK00040,3
U0076,BK00001,4
U0077,BK00050,10
U0077,BK00049,10
U0077,BK00051,8
U0077,BK00045,9
U0077,BK00053,9
U0077,BK00054,10
U0077,BK00052,8
U0077,BK00044,9
U0077,BK00008,6
U0077,BK00056,4
U0077,BK00023,4
U0078,BK00006,10
U0078,BK00009,8
U0078,BK00003,8
U0078,BK00008,10
U0078,BK00001,10
U0078,BK00002,10
U0078,BK00004,9
U0078,BK00000,9
U0078,BK00007,10
U0078,BK00005,9
U0078,BK00039,3
U0078,BK00041,3
U0078,BK00066,5
U0078,BK00029,6
U0079,BK00002,9
U0079,BK00053,9
U0079,BK00040,10
U0079,BK00000,9
U0079,BK00001,8
U0079,BK00006,10
U0079,BK00049,10
U0079,BK00013,6
U0079,BK00057,7
U0079,BK00056,5
U0080,BK00014,9
U0080,BK00013,10
U0080,BK00012,10
U0080,BK00019,10
U0080,BK00026,9
U0080,BK00063,10
U0080,BK00065,10
U0080,BK00050,4
U0080,BK00043,5
U0080,BK00002,7
U0080,BK00008,5
U0081,BK00045,9
U0081,BK00044,8
U0081,BK00038,6
U0081,BK00062,7
U0081,BK00002,5
U0081,BK00049,3
U0082,BK00035,9
U0082,BK00032,8
U0082,BK00054,10
U0082,BK00033,8
U0082,BK00029,9
U0082,BK00064,3
U0083,BK00048,9
U0083,BK00046,10
U0083,BK00045,9
U0083,BK00047,10
U0083,BK00044,10
U0083,BK00043,10
U0083,BK00033,5
U0084,BK00051,9
U0084,BK00053,10
U0084,BK00054,9
U0084,BK00052,9
U0084,BK00050,9
U0084,BK00049,9
U0084,BK00015,4
U0085,BK00053,8
U0085,BK00049,9
U0085,BK00054,10
U0085,BK00043,9
U0085,BK00052,10
U0085,BK00050,9
U0085,BK00048,9
U0085,BK00046,10
U0085,BK00047,9
U0085,BK00051,10
U0085,BK00002,5
U0085,BK00018,4
U0086,BK00062,10
U0086,BK00060,9
U0086,BK00059,10
U0086,BK00063,8
U0086,BK00065,9
U0086,BK00061,8
U0086,BK00064,10
U0086,BK00066,9
U0087,BK00065,9
U0087,BK00053,8
U0087,BK00054,10
U0087,BK00066,10
U0087,BK00049,9
U0087,BK00050,9
U0087,BK00052,8
U0087,BK00063,8
U0087,BK00064,9
U0087,BK00062,10
U0087,BK00026,7
U0088,BK00048,8
U0088,BK00047,9
U0088,BK00046,9
U0088,BK00043,10
U0088,BK00029,5
U0088,BK00017,4
U0088,BK00012,3
U0088,BK00055,5
U0089,BK00032,9
U0089,BK00033,10
U0089,BK00030,9
U0089,BK00060,10
U0089,BK00065,9
U0089,BK00035,9
U0089,BK00034,9
U0089,BK00061,10
U0089,BK00037,10
U0089,BK00020,3
U0089,BK00015,5
U0089,BK00000,5
U0090,BK00007,9
U0090,BK00004,9
U0090,BK00002,10
U0090,BK00003,9
U0090,BK00005,9
U0090,BK00008,9
U0090,BK00009,10
U0091,BK00052,10
U0091,BK00053,10
U0091,BK00054,9
U0091,BK00051,8
U0091,BK00049,10
U0091,BK00050,8
U0091,BK00061,3
U0091,BK00056,7
U0091,BK00005,7
U0091,BK00033,4
U0092,BK00063,9
U0092,BK00061,8
U0092,BK00058,10
U0092,BK00022,9
U0092,BK00062,8
U0092,BK00056,9
U0092,BK00024,10
U0092,BK00023,8
U0092,BK00055,8
U0092,BK00059,10
U0092,BK00057,9
U0092,BK00060,8
U0092,BK00066,10
U0092,BK00064,8
U0092,BK00003,3
U0092,BK00043,6
U0092,BK00037,3
U0092,BK00051,5
U0093,BK00062,8
U0093,BK00065,9
U0093,BK00026,10
U0093,BK00027,10
U0093,BK00064,10
U0093,BK00066,10
U0093,BK00021,10
U0093,BK00059,9
U0093,BK00022,9
U0093,BK00025,10
U0093,BK00063,9
U0093,BK00020,9
U0093,BK00060,9
U0093,BK00061,9
U0093,BK00023,8
U0093,BK00024,8
U0093,BK00000,6
U0094,BK00003,10
U0094,BK00037,10
U0094,BK00001,9
U0094,BK00032,10
U0094,BK00057,9
U0094,BK00056,8
U0094,BK00012,4
U0095,BK00033,9
U0095,BK00030,10
U0095,BK00032,9
U0095,BK00042,10
U0095,BK00048,10
U0095,BK00031,9
U0095,BK00041,9
U0095,BK00029,9
U0095,BK00043,9
U0095,BK00037,10
U0095,BK00038,8
U0095,BK00040,10
U0095,BK00028,10
U0095,BK00034,10
U0095,BK00035,10
U0095,BK00046,10
U0095,BK00036,9
U0095,BK00039,10
U0095,BK00047,9
U0095,BK00020,5
U0095,BK00063,4
U0095,BK00026,5
U0095,BK00009,3
U0096,BK00017,9
U0096,BK00048,8
U0096,BK00043,10
U0096,BK00010,9
U0096,BK00012,10
U0096,BK00019,9
U0096,BK00046,10
U0096,BK00013,9
U0096,BK00016,10
U0096,BK00011,9
U0096,BK00015,9
U0096,BK00018,10
U0096,BK00014,10
U0096,BK00047,10
U0096,BK00000,5
U0096,BK00023,5
U0097,BK00058,9
U0097,BK00043,9
U0097,BK00056,8
U0097,BK00048,9
U0097,BK00047,10
U0097,BK00057,10
U0097,BK00046,10
U0097,BK00055,10
U0097,BK00002,5
U0097,BK00036,4
U0097,BK00063,4
U0098,BK00031,10
U0098,BK00035,10
U0098,BK00036,9
U0098,BK00033,10
U0098,BK00032,8
U0098,BK00034,10
U0098,BK00045,8
U0098,BK00037,8
U0098,BK00044,8
U0098,BK00028,8
U0098,BK00029,10
U0098,BK00030,9
U0098,BK00058,4
U0099,BK00023,10
U0099,BK00024,10
U0099,BK00027,10
U0099,BK00022,10
U0100,BK00008,8
U0100,BK00006,10
U0100,BK00000,9
U0100,BK00007,9
U0100,BK00004,9
U0100,BK00002,10
U0100,BK00005,10
U0100,BK00009,9
U0100,BK00001,9
U0100,BK00003,9
U0101,BK00017,9
U0101,BK00019,8
U0101,BK00013,10
U0101,BK00046,10
U0101,BK00014,9
U0101,BK00011,10
U0101,BK00010,8
U0101,BK00048,10
U0101,BK00043,8
U0101,BK00015,9
U0101,BK00047,9
U0101,BK00012,10
U0101,BK00018,10
U0101,BK00016,9
U0102,BK00018,9
U0102,BK00010,9
U0102,BK00012,10
U0102,BK00016,9
U0102,BK00017,10
U0102,BK00019,10
U0102,BK00011,10
U0102,BK00015,9
U0102,BK00014,10
U0102,BK00013,9
U0103,BK00055,9
U0103,BK00058,10
U0103,BK00056,10
U0103,BK00057,10
U0104,BK00008,8
U0104,BK00003,8
U0104,BK00009,9
U0104,BK00048,9
U0104,BK00001,10
U0104,BK00004,9
U0104,BK00002,10
U0104,BK00006,9
U0104,BK00046,9
U0104,BK00000,8
U0104,BK00007,8
U0104,BK00043,8
U0104,BK00028,5
U0104,BK00065,6
U0104,BK00025,5
U0104,BK00059,5
U0105,BK00022,8
U0105,BK00023,9
U0105,BK00026,10
U0105,BK00024,8
U0105,BK00025,10
U0105,BK00020,10
U0106,BK00004,9
U0106,BK00009,8
U0106,BK00045,9
U0106,BK00006,10
U0106,BK00001,9
U0106,BK00002,10
U0106,BK00008,9
U0106,BK00007,10
U0106,BK00005,8
U0106,BK00044,9
U0106,BK00000,9
U0106,BK00003,9
U0106,BK00027,6
U0106,BK00041,7
U0107,BK00037,9
U0107,BK00028,9
U0107,BK00051,9
U0107,BK00049,10
U0107,BK00013,9
U0107,BK00017,10
U0107,BK00016,9
U0107,BK00053,9
U0107,BK00044,6
U0107,BK00064,5
U0108,BK00034,9
U0108,BK00053,8
U0108,BK00035,10
U0108,BK00037,10
U0108,BK00028,9
U0108,BK00054,9
U0108,BK00050,9
U0108,BK00052,9
U0108,BK00051,9
U0108,BK00032,10
U0108,BK00036,10
U0108,BK00049,8
U0108,BK00030,10
U0108,BK00029,10
U0108,BK00038,6
U0109,BK00044,8
U0109,BK00065,8
U0109,BK00058,8
U0109,BK00061,9
U0109,BK00062,9
U0109,BK00045,10
U0109,BK00063,10
U0109,BK00059,10
U0109,BK00060,10
U0109,BK00055,10
U0109,BK00064,9
U0109,BK00057,10
U0109,BK00066,9
U0109,BK00056,10
U0109,BK00052,6
U0109,BK00027,7
U0110,BK00023,9
U0110,BK00046,8
U0110,BK00001,8
U0110,BK00022,8
U0110,BK00009,9
U0110,BK00024,8
U0110,BK00048,9
U0110,BK00004,9
U0110,BK00025,10
U0110,BK00027,9
U0110,BK00005,10
U0110,BK00043,9
U0110,BK00000,9
U0110,BK00007,10
U0110,BK00008,10
U0110,BK00020,10
U0110,BK00003,9
U0110,BK00047,10
U0110,BK00006,9
U0111,BK00044,9
U0111,BK00045,9
U0111,BK00056,5
U0111,BK00051,3
U0111,BK00000,7
U0112,BK00057,9
U0112,BK00056,10
U0112,BK00055,10
U0112,BK00058,9
U0113,BK00011,10
U0113,BK00014,10
U0113,BK00062,10
U0113,BK00066,9
U0113,BK00059,10
U0113,BK00010,10
U0113,BK00015,10
U0113,BK00017,9
U0113,BK00045,10
U0113,BK00060,10
U0113,BK00061,9
U0113,BK00019,10
U0113,BK00013,9
U0113,BK00064,10
U0113,BK00012,9
U0113,BK00042,4
U0114,BK00043,10
U0114,BK00046,10
U0114,BK00048,10
U0114,BK00047,10
U0114,BK00012,6
U0115,BK00049,9
U0115,BK00044,9
U0115,BK00051,10
U0115,BK00053,10
U0115,BK00045,10
U0115,BK00050,10
U0115,BK00052,10
U0115,BK00054,8
U0115,BK00034,7
U0116,BK00040,9
U0116,BK00038,9
U0116,BK00042,8
U0116,BK00039,10
U0116,BK00041,9
U0116,BK00006,5
U0116,BK00052,3
U0116,BK00058,6
U0117,BK00037,9
U0117,BK00033,9
U0117,BK00034,9
U0117,BK00029,10
U0117,BK00032,9
U0117,BK00035,10
U0117,BK00036,8
U0117,BK00028,9
U0117,BK00030,10
U0117,BK00031,8
U0117,BK00017,5
U0117,BK00045,4
U0117,BK00046,4
U0117,BK00010,4
U0118,BK00048,8
U0118,BK00046,10
U0118,BK00043,10
U0118,BK00047,9
U0118,BK00024,5
U0118,BK00028,6
U0118,BK00004,6
U0119,BK00006,9
U0119,BK00003,10
U0119,BK00061,9
U0119,BK00004,9
U0119,BK00000,9
U0119,BK00065,9
U0119,BK00037,7
U0120,BK00021,10
U0120,BK00023,8
U0120,BK00043,10
U0120,BK00020,9
U0120,BK00048,9
U0120,BK00036,5
U0121,BK00040,10
U0121,BK00042,9
U0121,BK00038,9
U0121,BK00039,10
U0121,BK00041,8
U0122,BK00007,10
U0122,BK00001,9
U0122,BK00002,10
U0122,BK00004,8
U0122,BK00008,9
U0122,BK00006,10
U0122,BK00003,8
U0122,BK00000,8
U0122,BK00009,8
U0122,BK00005,9
U0123,BK00027,9
U0123,BK00040,8
U0123,BK00025,8
U0123,BK00026,9
U0123,BK00039,8
U0123,BK00038,10
U0123,BK00042,10
U0123,BK00020,9
U0123,BK00023,10
U0123,BK00041,9
U0123,BK00021,9
U0123,BK00022,9
U0123,BK00024,9
U0123,BK00052,3
U0123,BK00056,4
U0123,BK00036,7
U0124,BK00065,9
U0124,BK00003,10
U0124,BK00006,10
U0124,BK00008,8
U0124,BK00009,10
U0124,BK00042,8
U0124,BK00039,9
U0124,BK00060,9
U0124,BK00004,9
U0124,BK00001,10
U0124,BK00062,10
U0124,BK00066,10
U0124,BK00005,9
U0125,BK00014,8
U0125,BK00022,10
U0125,BK00020,10
U0125,BK00049,9
U0125,BK00002,7
U0126,BK00065,10
U0126,BK00066,9
U0126,BK00059,9
U0126,BK00064,10
U0126,BK00044,9
U0126,BK00063,10
U0127,BK00011,8
U0127,BK00017,9
U0127,BK00045,8
U0127,BK00016,9
U0127,BK00042,10
U0127,BK00044,9
U0127,BK00019,10
U0127,BK00038,10
U0127,BK00010,9
U0127,BK00014,9
U0127,BK00015,9
U0127,BK00007,4
U0128,BK00003,9
U0128,BK00018,9
U0128,BK00006,8
U0128,BK00012,10
U0128,BK00008,8
U0128,BK00001,9
U0128,BK00019,10
U0128,BK00000,8
U0128,BK00011,8
U0128,BK00017,8
U0128,BK00002,9
U0128,BK00005,8
U0128,BK00015,10
U0128,BK00010,9
U0128,BK00056,6
U0128,BK00030,4
U0128,BK00043,4
U0129,BK00056,8
U0129,BK00058,10
U0129,BK00055,9
U0129,BK00057,8
U0129,BK00017,7
U0129,BK00052,3
U0130,BK00028,10
U0130,BK00034,9
U0130,BK00029,10
U0130,BK00031,9
U0130,BK00030,10
U0130,BK00033,9
U0130,BK00032,10
U0130,BK00037,10
U0130,BK00035,9
U0130,BK00036,10
U0130,BK00012,4
U0130,BK00018,4
U0131,BK00044,9
U0131,BK00045,8
U0132,BK00013,8
U0132,BK00041,10
U0132,BK00011,8
U0132,BK00012,10
U0132,BK00038,9
U0132,BK00040,10
U0132,BK00042,8
U0132,BK00039,10
U0132,BK00015,10
U0132,BK00016,8
U0132,BK00036,6
U0132,BK00059,4
U0132,BK00033,4
U0132,BK00046,5
U0133,BK00047,10
U0133,BK00048,8
U0133,BK00045,9
U0133,BK00043,8
U0133,BK00044,9
U0133,BK00046,10
U0133,BK00055,6
U0134,BK00013,9
U0134,BK00011,9
U0134,BK00015,8
U0134,BK00012,9
U0134,BK00017,9
U0134,BK00010,10
U0134,BK00044,10
U0134,BK00019,8
U0134,BK00045,9
U0134,BK00014,9
U0134,BK00018,9
U0134,BK00016,8
U0134,BK00065,6
U0135,BK00056,8
U0135,BK00062,10
U0135,BK00066,10
U0135,BK00057,9
U0135,BK00064,8
U0135,BK00055,8
U0135,BK00061,8
U0135,BK00065,9
U0135,BK00059,10
U0135,BK00060,9
U0135,BK00058,8
U0135,BK00043,5
U0135,BK00040,3
U0136,BK00050,10
U0136,BK00053,9
U0136,BK00052,9
U0136,BK00051,9
U0136,BK00054,9
U0136,BK00001,5
U0136,BK00024,5
U0136,BK00043,6
U0137,BK00004,10
U0137,BK00007,9
U0137,BK00006,10
U0137,BK00009,8
U0137,BK00003,10
U0137,BK00000,9
U0137,BK00008,10
U0137,BK00001,10
U0137,BK00002,10
U0137,BK00005,9
U0137,BK00022,7
U0137,BK00051,7
U0137,BK00066,5
U0138,BK00020,10
U0138,BK00024,10
U0138,BK00041,9
U0138,BK00038,10
U0138,BK00003,4
U0138,BK00064,4
U0139,BK00032,9
U0139,BK00036,9
U0139,BK00028,10
U0139,BK00034,8
U0139,BK00029,9
U0139,BK00037,10
U0139,BK00031,10
U0139,BK00033,9
U0139,BK00035,10
U0139,BK00030,9
U0139,BK00044,6
U0140,BK00040,9
U0140,BK00039,9
U0140,BK00022,9
U0140,BK00052,9
U0140,BK00038,9
U0140,BK00043,3
U0140,BK00000,3
U0140,BK00029,4
U0140,BK00058,7
U0141,BK00015,10
U0141,BK00011,10
U0141,BK00019,9
U0141,BK00017,9
U0141,BK00016,10
U0141,BK00013,10
U0141,BK00010,9
U0141,BK00018,9
U0141,BK00012,10
U0141,BK00014,9
U0141,BK00020,6
U0142,BK00026,10
U0142,BK00038,8
U0142,BK00024,10
U0142,BK00021,9
U0142,BK00027,9
U0142,BK00040,8
U0142,BK00042,9
U0142,BK00022,9
U0142,BK00025,9
U0142,BK00053,4
U0143,BK00043,9
U0143,BK00046,9
U0143,BK00048,8
U0143,BK00047,8
U0144,BK00045,10
U0144,BK00044,10
U0144,BK00065,3
U0144,BK00050,6
U0144,BK00046,7
U0145,BK00021,9
U0145,BK00026,9
U0145,BK00020,10
U0145,BK00022,9
U0145,BK00025,8
U0145,BK00027,10
U0145,BK00024,8
U0145,BK00023,9
U0146,BK00006,8
U0146,BK00064,10
U0146,BK00005,10
U0146,BK00054,10
U0146,BK00008,10
U0146,BK00060,9
U0146,BK00062,8
U0146,BK00051,9
U0146,BK00065,8
U0146,BK00003,10
U0146,BK00001,8
U0146,BK00052,9
U0146,BK00049,10
U0146,BK00053,10
U0146,BK00063,9
U0146,BK00050,8
U0146,BK00002,8
U0146,BK00016,4
U0147,BK00041,8
U0147,BK00038,10
U0147,BK00039,10
U0147,BK00040,9
U0147,BK00042,9
U0147,BK00062,6
U0147,BK00044,5
U0147,BK00016,4
U0148,BK00007,10
U0148,BK00004,10
U0148,BK00003,9
U0148,BK00041,10
U0148,BK00009,9
U0148,BK00000,8
U0148,BK00002,10
U0148,BK00001,8
U0148,BK00038,10
U0148,BK00005,10
U0148,BK00008,10
U0148,BK00040,10
U0148,BK00039,10
U0148,BK00006,9
U0148,BK00042,8
U0148,BK00045,6
U0148,BK00036,4
U0148,BK00049,4
U0149,BK00028,8
U0149,BK00034,8
U0149,BK00029,10
U0149,BK00033,10
U0149,BK00031,10
U0149,BK00035,10
U0149,BK00032,9
U0149,BK00030,9
U0149,BK00020,7
U0149,BK00056,6
U0150,BK00065,10
U0150,BK00059,9
U0150,BK00062,10
U0150,BK00060,9
U0150,BK00063,10
U0150,BK00061,10
U0150,BK00066,10
U0150,BK00064,10
U0150,BK00049,6
U0150,BK00006,3
U0150,BK00050,4
U0150,BK00018,5
U0151,BK00026,9
U0151,BK00025,9
U0151,BK00023,9
U0151,BK00020,9
U0151,BK00044,10
U0151,BK00017,3
U0151,BK00031,4
U0151,BK00001,4
U0152,BK00043,10
U0152,BK00050,10
U0152,BK00052,9
U0152,BK00046,10
U0152,BK00047,10
U0152,BK00048,8
U0152,BK00053,9
U0152,BK00051,9
U0152,BK00054,9
U0152,BK00049,8
U0152,BK00060,4
U0152,BK00010,3
U0152,BK00004,6
U0152,BK00019,3
U0153,BK00041,8
U0153,BK00035,9
U0153,BK00036,8
U0153,BK00034,10
U0153,BK00038,8
U0153,BK00029,9
U0153,BK00028,10
U0153,BK00031,9
U0153,BK00030,9
U0153,BK00042,9
U0153,BK00032,9
U0153,BK00033,9
U0153,BK00040,10
U0153,BK00037,10
U0153,BK00039,8
U0153,BK00010,3
U0153,BK00016,6
U0154,BK00023,10
U0154,BK00022,9
U0154,BK00024,10
U0154,BK00026,9
U0154,BK00035,4
U0154,BK00065,6
U0155,BK00055,10
U0155,BK00045,8
U0155,BK00057,9
U0155,BK00058,9
U0155,BK00056,9
U0155,BK00044,9
U0156,BK00031,10
U0156,BK00035,9
U0156,BK00041,9
U0156,BK00038,10
U0156,BK00032,10
U0156,BK00029,10
U0156,BK00028,8
U0156,BK00040,10
U0157,BK00065,10
U0157,BK00060,9
U0157,BK00046,10
U0157,BK00061,8
U0157,BK00037,10
U0157,BK00033,8
U0157,BK00063,10
U0157,BK00032,10
U0157,BK00029,10
U0157,BK00035,8
U0157,BK00030,10
U0157,BK00059,9
U0157,BK00036,10
U0157,BK00064,8
U0157,BK00066,10
U0157,BK00047,10
U0157,BK00028,9
U0157,BK00048,10
U0157,BK00062,8
U0157,BK00034,9
U0157,BK00043,9
U0157,BK00021,4
U0157,BK00023,5
U0157,BK00016,6
U0158,BK00051,9
U0158,BK00046,10
U0158,BK00024,9
U0158,BK00047,10
U0158,BK00048,8
U0158,BK00054,9
U0158,BK00043,10
U0158,BK00049,10
U0158,BK00025,10
U0158,BK00017,6
U0158,BK00013,6
U0158,BK00066,6
U0159,BK00006,8
U0159,BK00060,9
U0159,BK00000,9
U0159,BK00063,10
U0159,BK00005,10
U0159,BK00061,10
U0159,BK00008,10
U0159,BK00003,9
U0159,BK00064,10
U0159,BK00009,9
U0159,BK00059,9
U0159,BK00001,10
U0159,BK00062,9
U0159,BK00002,9
U0159,BK00004,9
U0159,BK00065,10
U0159,BK00007,8
U0159,BK00066,9
U0159,BK00044,4
U0159,BK00029,4
U0159,BK00020,4
U0159,BK00014,3
U0160,BK00018,10
U0160,BK00056,9
U0160,BK00010,9
U0160,BK00024,8
U0160,BK00015,9
U0160,BK00019,10
U0160,BK00014,8
U0160,BK00026,10
U0160,BK00013,9
U0160,BK00012,10
U0160,BK00055,10
U0160,BK00027,9
U0160,BK00011,10
U0160,BK00022,8
U0160,BK00023,10
U0160,BK00007,7
U0160,BK00053,3
U0160,BK00034,5
U0161,BK00013,10
U0161,BK00019,10
U0161,BK00014,9
U0161,BK00016,10
U0161,BK00017,9
U0161,BK00011,9
U0161,BK00012,8
U0161,BK00018,8
U0161,BK00015,8
U0161,BK00010,8
U0161,BK00002,7
U0162,BK00022,8
U0162,BK00023,8
U0162,BK00010,8
U0162,BK00012,9
U0162,BK00018,9
U0162,BK00027,9
U0162,BK00024,9
U0162,BK00013,10
U0162,BK00014,10
U0162,BK00020,9
U0162,BK00021,8
U0162,BK00026,9
U0162,BK00011,9
U0162,BK00017,9
U0162,BK00019,8
U0162,BK00025,10
U0162,BK00015,10
U0162,BK00016,10
U0163,BK00049,10
U0163,BK00044,9
U0163,BK00045,10
U0163,BK00053,8
U0163,BK00052,9
U0163,BK00051,10
U0163,BK00050,10
U0163,BK00054,8
U0163,BK00043,6
U0163,BK00028,6
U0163,BK00011,3
U0163,BK00039,3
U0164,BK00008,9
U0164,BK00007,10
U0164,BK00005,10
U0164,BK00009,10
U0164,BK00048,9
U0164,BK00001,8
U0164,BK00046,10
U0164,BK00006,9
U0164,BK00004,9
U0164,BK00003,9
U0164,BK00002,9
U0164,BK00000,8
U0164,BK00047,10
U0164,BK00043,9
U0164,BK00053,7
U0164,BK00013,6
U0164,BK00010,6
U0164,BK00055,4
U0165,BK00053,10
U0165,BK00052,8
U0165,BK00049,8
U0165,BK00050,10
U0165,BK00051,10
U0165,BK00054,8
U0166,BK00012,10
U0166,BK00013,8
U0166,BK00002,8
U0166,BK00016,9
U0166,BK00010,8
U0166,BK00006,9
U0166,BK00007,9
U0166,BK00056,9
U0166,BK00003,10
U0166,BK00009,10
U0166,BK00011,9
U0166,BK00001,8
U0166,BK00004,8
U0166,BK00062,4
U0166,BK00050,6
U0166,BK00066,4
U0166,BK00043,6
U0167,BK00039,9
U0167,BK00038,8
U0167,BK00042,10
U0167,BK00041,8
U0167,BK00040,10
U0167,BK00050,3
U0168,BK00056,10
U0168,BK00049,9
U0168,BK00057,9
U0168,BK00053,8
U0168,BK00052,10
U0168,BK00055,10
U0168,BK00054,10
U0168,BK00051,9
U0168,BK00046,7
U0169,BK00032,10
U0169,BK00031,9
U0169,BK00030,9
U0169,BK00033,9
U0169,BK00028,9
U0169,BK00045,10
U0169,BK00029,10
U0169,BK00035,9
U0169,BK00034,8
U0169,BK00036,9
U0169,BK00037,10
U0169,BK00044,10
U0169,BK00013,7
U0170,BK00044,9
U0170,BK00040,8
U0170,BK00045,9
U0170,BK00042,9
U0170,BK00056,10
U0170,BK00041,8
U0170,BK00039,9
U0170,BK00057,10
U0170,BK00038,8
U0170,BK00058,10
U0170,BK00055,10
U0170,BK00050,4
U0170,BK00016,7
U0171,BK00056,9
U0171,BK00055,10
U0171,BK00028,10
U0171,BK00034,10
U0171,BK00057,9
U0171,BK00037,9
U0171,BK00033,9
U0171,BK00032,10
U0171,BK00058,9
U0171,BK00035,8
U0171,BK00030,9
U0171,BK00036,9
U0171,BK00029,10
U0171,BK00050,3
U0172,BK00008,9
U0172,BK00004,10
U0172,BK00002,10
U0172,BK00009,10
U0172,BK00044,9
U0172,BK00000,8
U0172,BK00045,9
U0172,BK00003,10
U0172,BK00001,9
U0172,BK00006,9
U0172,BK00005,10
U0172,BK00007,8
U0172,BK00013,7
U0172,BK00061,4
U0172,BK00052,6
U0172,BK00051,7
U0173,BK00014,8
U0173,BK00018,9
U0173,BK00013,10
U0173,BK00046,9
U0173,BK00043,10
U0173,BK00012,10
U0173,BK00011,9
U0173,BK00016,8
U0173,BK00015,9
U0173,BK00047,10
U0173,BK00019,8
U0174,BK00038,8
U0174,BK00055,9
U0174,BK00042,10
U0174,BK00056,10
U0174,BK00041,8
U0174,BK00057,8
U0174,BK00058,9
U0174,BK00039,9
U0174,BK00040,10
U0174,BK00032,3
U0174,BK00005,4
U0175,BK00022,8
U0175,BK00018,9
U0175,BK00045,9
U0175,BK00010,10
U0176,BK00063,8
U0176,BK00062,10
U0176,BK00065,8
U0176,BK00064,10
U0176,BK00066,8
U0176,BK00060,8
U0176,BK00061,9
U0176,BK00059,10
U0176,BK00043,3
U0176,BK00007,5
U0176,BK00034,5
U0177,BK00040,10
U0177,BK00010,10
U0177,BK00049,10
U0177,BK00015,10
U0177,BK00017,10
U0177,BK00014,8
U0177,BK00039,9
U0177,BK00016,9
U0177,BK00054,9
U0177,BK00018,9
U0177,BK00052,10
U0177,BK00012,10
U0177,BK00038,9
U0177,BK00051,9
U0177,BK00053,9
U0177,BK00042,9
U0177,BK00009,7
U0177,BK00007,5
U0177,BK00002,4
U0177,BK00000,3
U0178,BK00066,9
U0178,BK00064,8
U0178,BK00063,9
U0178,BK00059,10
U0178,BK00061,10
U0179,BK00046,9
U0179,BK00020,10
U0179,BK00025,9
U0179,BK00027,8
U0179,BK00048,9
U0179,BK00047,9
U0179,BK00023,9
U0179,BK00021,10
U0179,BK00022,9
U0179,BK00026,9
U0179,BK00024,9
U0179,BK00009,5
U0179,BK00045,6
U0179,BK00031,6
U0179,BK00063,6
U0180,BK00039,10
U0180,BK00040,8
U0180,BK00054,10
U0180,BK00042,10
U0180,BK00050,10
U0180,BK00052,10
U0180,BK00051,9
U0180,BK00049,8
U0180,BK00041,10
U0180,BK00038,9
U0180,BK00053,10
U0181,BK00021,9
U0181,BK00023,9
U0181,BK00053,10
U0181,BK00048,10
U0181,BK00022,9
U0181,BK00027,10
U0181,BK00050,9
U0181,BK00020,8
U0181,BK00054,9
U0181,BK00026,10
U0181,BK00049,9
U0181,BK00047,8
U0181,BK00025,9
U0181,BK00046,9
U0181,BK00024,9
U0181,BK00051,8
U0181,BK00036,4
U0182,BK00043,9
U0182,BK00054,10
U0182,BK00045,9
U0182,BK00046,10
U0182,BK00044,10
U0182,BK00049,9
U0182,BK00052,9
U0182,BK00047,10
U0182,BK00051,10
U0182,BK00048,10
U0182,BK00050,8
U0182,BK00053,10
U0182,BK00041,4
U0182,BK00065,6
U0182,BK00004,4
U0182,BK00033,4
U0183,BK00056,8
U0183,BK00055,9
U0183,BK00057,10
U0183,BK00058,9
U0183,BK00038,3
U0183,BK00047,6
U0184,BK00054,9
U0184,BK00032,10
U0184,BK00035,10
U0184,BK00028,10
U0184,BK00049,10
U0184,BK00052,8
U0184,BK00033,9
U0184,BK00051,8
U0184,BK00030,9
U0184,BK00050,10
U0184,BK00037,10
U0184,BK00053,10
U0184,BK00031,10
U0184,BK00029,9
U0184,BK00036,9
U0184,BK00034,10
U0184,BK00016,7
U0185,BK00063,8
U0185,BK00060,9
U0185,BK00064,10
U0185,BK00061,10
U0185,BK00062,10
U0185,BK00066,9
U0185,BK00059,10
U0185,BK00065,8
U0185,BK00024,4
U0185,BK00008,6
U0185,BK00006,7
U0186,BK00011,8
U0186,BK00017,10
U0186,BK00004,10
U0186,BK00015,9
U0186,BK00013,10
U0186,BK00000,10
U0186,BK00053,5
U0186,BK00048,7
U0186,BK00043,7
U0187,BK00045,9
U0187,BK00044,10
U0187,BK00010,7
U0188,BK00034,9
U0188,BK00037,9
U0188,BK00035,10
U0188,BK00038,9
U0188,BK00045,3
U0188,BK00007,4
U0188,BK00000,6
U0188,BK00024,7
U0189,BK00055,9
U0189,BK00042,9
U0189,BK00058,10
U0189,BK00041,9
U0189,BK00039,10
U0189,BK00056,9
U0189,BK00040,8
U0189,BK00057,9
U0189,BK00038,10
U0189,BK00035,4
U0189,BK00030,3
U0190,BK00057,8
U0190,BK00058,9
U0190,BK00055,10
U0190,BK00056,10
U0190,BK00065,6
U0190,BK00040,3
U0190,BK00000,3
U0191,BK00037,8
U0191,BK00028,9
U0191,BK00046,10
U0191,BK00034,10
U0191,BK00043,8
U0191,BK00036,9
U0191,BK00059,7
U0191,BK00052,5
U0192,BK00008,9
U0192,BK00003,10
U0192,BK00002,9
U0192,BK00005,10
U0192,BK00000,10
U0192,BK00007,10
U0192,BK00001,9
U0192,BK00004,10
U0192,BK00006,8
U0192,BK00009,8
U0193,BK00057,10
U0193,BK00056,10
U0193,BK00058,8
U0193,BK00055,9
U0193,BK00065,4
U0193,BK00012,6
U0193,BK00029,7
U0193,BK00063,3
U0194,BK00013,8
U0194,BK00040,10
U0194,BK00018,9
U0194,BK00041,9
U0194,BK00056,9
U0194,BK00017,10
U0194,BK00016,9
U0194,BK00019,10
U0194,BK00058,10
U0194,BK00042,8
U0194,BK00015,9
U0194,BK00055,9
U0194,BK00039,9
U0194,BK00038,8
U0194,BK00001,6
U0194,BK00047,5
U0194,BK00007,3
U0194,BK00026,7
U0195,BK00051,9
U0195,BK00050,9
U0195,BK00054,9
U0195,BK00049,9
U0195,BK00052,9
U0195,BK00053,9
U0195,BK00015,7
U0196,BK00022,10
U0196,BK00017,10
U0196,BK00020,9
U0196,BK00014,10
U0196,BK00015,9
U0196,BK00010,10
U0196,BK00018,9
U0196,BK00041,6
U0196,BK00057,4
U0196,BK00038,7
U0197,BK00006,8
U0197,BK00007,9
U0197,BK00000,10
U0197,BK00004,10
U0197,BK00002,8
U0197,BK00003,9
U0197,BK00001,9
U0197,BK00009,10
U0197,BK00008,9
U0197,BK00005,9
U0197,BK00054,7
U0197,BK00010,5
U0198,BK00042,9
U0198,BK00040,9
U0198,BK00039,10
U0198,BK00038,9
U0198,BK00041,10
U0198,BK00013,4
U0198,BK00026,7
U0198,BK00049,4
U0199,BK00017,10
U0199,BK00013,10
U0199,BK00012,9
U0199,BK00034,10
U0199,BK00032,9
U0199,BK00038,9
U0199,BK00015,10
U0199,BK00028,10
U0199,BK00033,8
U0199,BK00041,10
U0199,BK00035,8
U0199,BK00065,4
U0200,BK00035,10
U0200,BK00029,8
U0200,BK00037,9
U0200,BK00033,10
U0200,BK00030,9
U0200,BK00034,10
U0200,BK00032,10
U0200,BK00036,10
U0200,BK00031,9
U0200,BK00028,9
U0201,BK00058,10
U0201,BK00043,10
U0201,BK00048,10
U0201,BK00055,8
U0201,BK00047,8
U0201,BK00046,9
U0201,BK00057,9
U0201,BK00056,9
U0201,BK00026,5
U0201,BK00040,5
U0202,BK00041,9
U0202,BK00040,9
U0202,BK00042,9
U0202,BK00045,8
U0202,BK00039,9
U0202,BK00038,9
U0202,BK00044,10
U0203,BK00017,8
U0203,BK00018,9
U0203,BK00010,10
U0203,BK00019,9
U0203,BK00013,8
U0203,BK00014,10
U0204,BK00063,9
U0204,BK00032,10
U0204,BK00065,9
U0204,BK00036,10
U0204,BK00062,10
U0204,BK00030,10
U0204,BK00028,10
U0204,BK00060,10
U0204,BK00033,10
U0204,BK00037,10
U0204,BK00035,9
U0204,BK00031,9
U0204,BK00064,10
U0204,BK00047,7
U0204,BK00038,4
U0205,BK00051,10
U0205,BK00052,9
U0205,BK00054,9
U0205,BK00049,9
U0205,BK00050,10
U0205,BK00053,10
U0206,BK00051,10
U0206,BK00049,10
U0206,BK00052,10
U0206,BK00050,9
U0206,BK00053,9
U0206,BK00054,10
U0206,BK00023,6
U0206,BK00012,4
U0206,BK00026,5
U0206,BK00062,3
U0207,BK00032,10
U0207,BK00055,10
U0207,BK00056,10
U0207,BK00036,9
U0207,BK00058,10
U0207,BK00034,10
U0207,BK00031,9
U0207,BK00057,9
U0207,BK00028,8
U0207,BK00029,9
U0207,BK00037,8
U0207,BK00035,10
U0208,BK00024,10
U0208,BK00022,9
U0208,BK00021,9
U0208,BK00023,10
U0208,BK00020,9
U0208,BK00027,10
U0208,BK00026,9
U0208,BK00000,6
U0209,BK00046,10
U0209,BK00043,10
U0209,BK00048,9
U0209,BK00047,9
U0210,BK00009,8
U0210,BK00001,10
U0210,BK00004,9
U0210,BK00005,10
U0210,BK00008,10
U0210,BK00003,9
U0210,BK00044,9
U0210,BK00039,4
U0211,BK00055,8
U0211,BK00056,9
U0211,BK00057,8
U0211,BK00058,9
U0211,BK00023,6
U0212,BK00003,9
U0212,BK00022,9
U0212,BK00007,10
U0212,BK00000,8
U0212,BK00024,10
U0212,BK00009,9
U0212,BK00021,8
U0212,BK00025,8
U0212,BK00026,9
U0212,BK00002,9
U0212,BK00005,10
U0212,BK00006,8
U0213,BK00051,9
U0213,BK00053,8
U0213,BK00054,10
U0213,BK00050,10
U0213,BK00049,10
U0213,BK00052,9
U0213,BK00022,7
U0213,BK00048,6
U0213,BK00008,4
U0214,BK00047,10
U0214,BK00024,10
U0214,BK00046,9
U0214,BK00056,8
U0214,BK00055,10
U0214,BK00022,9
U0214,BK00021,10
U0214,BK00058,9
U0214,BK00057,9
U0214,BK00023,8
U0214,BK00027,10
U0214,BK00025,10
U0214,BK00048,9
U0214,BK00043,10
U0215,BK00021,10
U0215,BK00022,9
U0215,BK00027,8
U0215,BK00056,8
U0215,BK00024,10
U0215,BK00020,10
U0215,BK00025,10
U0215,BK00055,10
U0215,BK00026,10
U0215,BK00058,10
U0215,BK00057,9
U0215,BK00023,8
U0215,BK00006,5
U0216,BK00059,9
U0216,BK00060,10
U0216,BK00064,10
U0216,BK00062,9
U0216,BK00066,8
U0216,BK00065,10
U0217,BK00009,9
U0217,BK00000,10
U0217,BK00056,10
U0217,BK00058,9
U0217,BK00004,9
U0217,BK00007,10
U0218,BK00065,9
U0218,BK00064,9
U0218,BK00059,10
U0218,BK00063,10
U0218,BK00061,10
U0218,BK00062,9
U0218,BK00060,9
U0218,BK00066,10
U0219,BK00054,8
U0219,BK00058,9
U0219,BK00043,10
U0219,BK00055,8
U0219,BK00056,10
U0219,BK00057,9
U0219,BK00052,9
U0219,BK00053,8
U0219,BK00048,9
U0219,BK00050,9
U0219,BK00046,9
U0219,BK00051,9
U0219,BK00047,8
U0219,BK00049,9
U0219,BK00028,7
U0219,BK00025,7
U0219,BK00000,7
U0220,BK00026,9
U0220,BK00023,9
U0220,BK00063,8
U0220,BK00020,10
U0220,BK00012,10
U0220,BK00032,7
U0221,BK00017,9
U0221,BK00012,9
U0221,BK00019,10
U0221,BK00016,10
U0221,BK00015,8
U0221,BK00014,9
U0221,BK00010,10
U0221,BK00018,8
U0221,BK00011,10
U0221,BK00013,8
U0221,BK00034,5
U0221,BK00005,7
U0221,BK00059,3
U0221,BK00003,5
U0222,BK00066,8
U0222,BK00063,10
U0222,BK00060,10
U0222,BK00024,10
U0222,BK00026,9
U0222,BK00043,9
U0222,BK00021,10
U0222,BK00025,10
U0222,BK00020,9
U0222,BK00046,10
U0222,BK00062,10
U0222,BK00065,10
U0222,BK00047,9
U0222,BK00023,10
U0222,BK00027,10
U0222,BK00022,10
U0222,BK00048,9
U0222,BK00064,9
U0222,BK00059,8
U0222,BK00061,9
U0222,BK00003,6
U0222,BK00044,5
U0222,BK00033,7
U0222,BK00016,3
U0223,BK00045,9
U0223,BK00044,10
U0223,BK00041,3
U0224,BK00046,9
U0224,BK00022,10
U0224,BK00027,9
U0224,BK00020,9
U0224,BK00023,8
U0224,BK00021,9
U0224,BK00025,8
U0224,BK00047,9
U0224,BK00026,10
U0224,BK00024,10
U0224,BK00043,8
U0224,BK00048,9
U0225,BK00056,8
U0225,BK00057,10
U0225,BK00058,10
U0225,BK00055,10
U0225,BK00048,3
U0225,BK00009,5
U0225,BK00046,4
U0225,BK00042,3
U0226,BK00035,8
U0226,BK00038,8
U0226,BK00028,9
U0226,BK00029,10
U0226,BK00034,9
U0226,BK00057,6
U0226,BK00023,7
U0227,BK00043,9
U0227,BK00048,10
U0227,BK00047,9
U0227,BK00046,9
U0227,BK00063,6
U0227,BK00049,6
U0227,BK00001,4
U0227,BK00002,3
U0228,BK00048,10
U0228,BK00063,10
U0228,BK00059,10
U0228,BK00043,9
U0228,BK00064,10
U0228,BK00066,9
U0228,BK00065,10
U0228,BK00062,9
U0228,BK00047,10
U0228,BK00060,9
U0228,BK00061,10
U0228,BK00046,9
U0228,BK00042,6
U0228,BK00008,7
U0228,BK00005,4
U0229,BK00023,10
U0229,BK00026,8
U0229,BK00021,9
U0229,BK00022,9
U0229,BK00025,9
U0229,BK00027,8
U0229,BK00020,9
U0229,BK00024,10
U0229,BK00004,6
U0229,BK00043,5
U0230,BK00039,10
U0230,BK00040,9
U0230,BK00026,10
U0230,BK00038,10
U0230,BK00042,10
U0230,BK00041,9
U0230,BK00023,9
U0230,BK00027,10
U0230,BK00020,10
U0230,BK00024,10
U0230,BK00005,4
U0230,BK00057,4
U0231,BK00034,9
U0231,BK00028,8
U0231,BK00032,9
U0231,BK00031,10
U0231,BK00029,10
U0231,BK00058,6
U0232,BK00034,10
U0232,BK00037,10
U0232,BK00049,10
U0232,BK00031,8
U0232,BK00033,9
U0232,BK00028,9
U0232,BK00054,10
U0232,BK00032,10
U0232,BK00035,9
U0232,BK00053,9
U0232,BK00029,10
U0232,BK00052,9
U0232,BK00030,10
U0232,BK00036,9
U0232,BK00051,10
U0232,BK00050,8
U0233,BK00057,10
U0233,BK00023,8
U0233,BK00025,9
U0233,BK00053,10
U0233,BK00050,10
U0233,BK00052,9
U0233,BK00008,6
U0233,BK00033,3
U0233,BK00034,5
U0233,BK00028,5
U0234,BK00011,10
U0234,BK00017,8
U0234,BK00015,9
U0234,BK00010,9
U0234,BK00014,10
U0234,BK00013,9
U0234,BK00049,4
U0234,BK00020,4
U0234,BK00034,4
U0234,BK00047,3
U0235,BK00042,9
U0235,BK00064,9
U0235,BK00040,10
U0235,BK00039,10
U0235,BK00065,10
U0235,BK00041,10
U0235,BK00038,10
U0235,BK00066,8
U0235,BK00062,10
U0235,BK00060,10
U0235,BK00063,8
U0235,BK00059,9
U0235,BK00061,10
U0235,BK00056,5
U0235,BK00000,7
U0235,BK00043,7
U0235,BK00031,4
U0236,BK00020,8
U0236,BK00025,8
U0236,BK00022,10
U0236,BK00027,9
U0236,BK00021,9
U0236,BK00024,9
U0236,BK00023,10
U0236,BK00026,10
U0237,BK00027,9
U0237,BK00056,10
U0237,BK00057,8
U0237,BK00049,8
U0237,BK00020,10
U0237,BK00021,10
U0237,BK00051,8
U0237,BK00022,10
U0237,BK00053,10
U0237,BK00026,9
U0237,BK00025,10
U0237,BK00052,10
U0237,BK00058,9
U0237,BK00023,9
U0237,BK00055,10
U0237,BK00024,10
U0237,BK00050,10
U0237,BK00054,9
U0237,BK00034,4
U0237,BK00041,7
U0237,BK00013,7
U0237,BK00062,6
U0238,BK00062,9
U0238,BK00059,10
U0238,BK00049,9
U0238,BK00052,8
U0238,BK00025,9
U0238,BK00020,9
U0238,BK00024,9
U0238,BK00064,8
U0238,BK00066,9
U0238,BK00021,9
U0238,BK00027,10
U0238,BK00034,7
U0238,BK00002,5
U0238,BK00029,3
U0239,BK00048,9
U0239,BK00047,10
U0239,BK00043,10
U0239,BK00046,8
U0239,BK00021,4
U0240,BK00025,9
U0240,BK00027,9
U0240,BK00026,8
U0240,BK00020,9
U0240,BK00049,10
U0240,BK00024,10
U0240,BK00054,9
U0240,BK00050,10
U0240,BK00052,10
U0240,BK00051,10
U0240,BK00021,9
U0240,BK00022,10
U0240,BK00023,8
U0240,BK00053,9
U0241,BK00001,9
U0241,BK00007,9
U0241,BK00003,9
U0241,BK00005,10
U0241,BK00041,10
U0241,BK00004,9
U0241,BK00040,9
U0241,BK00009,9
U0241,BK00042,8
U0241,BK00000,10
U0241,BK00002,9
U0241,BK00039,9
U0241,BK00008,8
U0241,BK00038,10
U0241,BK00006,10
U0241,BK00011,7
U0241,BK00066,3
U0241,BK00047,3
U0241,BK00044,5
U0242,BK00064,9
U0242,BK00062,9
U0242,BK00059,9
U0242,BK00066,9
U0242,BK00061,9
U0242,BK00063,9
U0242,BK00045,7
U0242,BK00019,5
U0242,BK00040,6
U0242,BK00057,3
U0243,BK00023,9
U0243,BK00020,10
U0243,BK00060,9
U0243,BK00059,9
U0243,BK00063,8
U0243,BK00021,9
U0243,BK00066,10
U0243,BK00062,9
U0243,BK00025,10
U0243,BK00024,10
U0243,BK00022,8
U0243,BK00027,9
U0243,BK00053,3
U0244,BK00001,10
U0244,BK00002,10
U0244,BK00013,9
U0244,BK00012,8
U0244,BK00005,10
U0244,BK00011,8
U0244,BK00009,10
U0244,BK00017,9
U0244,BK00010,10
U0244,BK00007,10
U0244,BK00016,9
U0244,BK00015,9
U0244,BK00004,9
U0244,BK00018,10
U0244,BK00019,9
U0244,BK00014,9
U0245,BK00027,10
U0245,BK00048,8
U0245,BK00020,9
U0245,BK00021,10
U0245,BK00047,8
U0245,BK00046,9
U0245,BK00022,10
U0245,BK00023,10
U0245,BK00024,10
U0245,BK00026,10
U0245,BK00043,10
U0245,BK00025,9
U0245,BK00045,7
U0245,BK00008,4
U0245,BK00040,7
U0245,BK00006,4
U0246,BK00011,10
U0246,BK00017,10
U0246,BK00014,10
U0246,BK00018,9
U0246,BK00013,10
U0246,BK00012,8
U0246,BK00015,10
U0246,BK00045,9
U0246,BK00016,9
U0246,BK00010,10
U0246,BK00044,8
U0246,BK00019,10
U0247,BK00064,9
U0247,BK00062,10
U0247,BK00066,10
U0247,BK00059,9
U0247,BK00063,10
U0247,BK00065,10
U0247,BK00061,10
U0247,BK00060,10
U0247,BK00042,4
U0248,BK00047,9
U0248,BK00046,9
U0248,BK00048,8
U0248,BK00043,9
U0248,BK00000,7
U0248,BK00039,3
U0248,BK00032,3
U0248,BK00025,7
U0249,BK00013,10
U0249,BK00016,10
U0249,BK00039,10
U0249,BK00019,10
U0249,BK00055,7
U0249,BK00030,4
U0249,BK00060,4
U0250,BK00032,10
U0250,BK00031,10
U0250,BK00033,9
U0250,BK00022,10
U0250,BK00024,10
U0250,BK00030,10
U0250,BK00034,10
U0250,BK00036,10
U0250,BK00020,10
U0250,BK00021,9
U0250,BK00029,9
U0250,BK00028,9
U0250,BK00025,10
U0250,BK00023,10
U0250,BK00035,8
U0250,BK00027,10
U0250,BK00037,10
U0250,BK00026,9
U0250,BK00044,7
U0250,BK00062,5
U0250,BK00056,6
U0251,BK00006,9
U0251,BK00003,10
U0251,BK00048,10
U0251,BK00062,8
U0251,BK00061,10
U0251,BK00044,7
U0252,BK00029,9
U0252,BK00036,9
U0252,BK00032,9
U0252,BK00035,8
U0252,BK00028,10
U0252,BK00030,9
U0252,BK00033,10
U0252,BK00037,9
U0252,BK00034,8
U0252,BK00031,10
U0252,BK00056,7
U0252,BK00021,4
U0252,BK00026,7
U0252,BK00022,3
U0253,BK00007,8
U0253,BK00061,10
U0253,BK00063,9
U0253,BK00000,10
U0253,BK00060,9
U0253,BK00004,10
U0253,BK00009,9
U0253,BK00003,9
U0253,BK00008,9
U0253,BK00002,9
U0253,BK00006,10
U0253,BK00065,9
U0253,BK00001,10
U0254,BK00046,10
U0254,BK00047,9
U0254,BK00043,9
U0254,BK00048,10
U0254,BK00053,5
U0254,BK00024,3
U0254,BK00015,5
U0255,BK00007,10
U0255,BK00006,8
U0255,BK00009,9
U0255,BK00002,10
U0255,BK00003,10
U0255,BK00004,9
U0255,BK00001,10
U0255,BK00005,8
U0255,BK00008,8
U0255,BK00026,7
U0255,BK00019,5
U0255,BK00043,6
U0256,BK00041,10
U0256,BK00048,8
U0256,BK00060,8
U0256,BK00059,8
U0256,BK00046,8
U0256,BK00047,10
U0256,BK00064,8
U0256,BK00066,10
U0256,BK00063,8
U0256,BK00043,10
U0256,BK00061,9
U0256,BK00062,9
U0256,BK00020,5
U0257,BK00009,10
U0257,BK00030,9
U0257,BK00029,10
U0257,BK00034,10
U0257,BK00060,4
U0257,BK00017,3
U0257,BK00065,4
U0257,BK00015,5
U0258,BK00012,8
U0258,BK00016,10
U0258,BK00010,9
U0258,BK00015,10
U0258,BK00014,10
U0258,BK00054,9
U0258,BK00053,10
U0258,BK00051,8
U0258,BK00050,9
U0258,BK00019,10
U0258,BK00049,10
U0258,BK00052,9
U0258,BK00013,10
U0258,BK00011,8
U0258,BK00018,10
U0258,BK00017,9
U0258,BK00021,3
U0258,BK00038,3
U0259,BK00014,9
U0259,BK00017,10
U0259,BK00010,10
U0259,BK00013,8
U0259,BK00011,10
U0259,BK00018,10
U0259,BK00019,10
U0259,BK00012,10
U0259,BK00015,10
U0259,BK00016,8
U0259,BK00054,7
U0260,BK00007,10
U0260,BK00001,9
U0260,BK00005,9
U0260,BK00002,9
U0260,BK00009,10
U0260,BK00006,8
U0260,BK00003,10
U0260,BK00000,9
U0260,BK00004,9
U0260,BK00008,10
U0260,BK00064,3
U0260,BK00031,5
U0260,BK00015,6
U0260,BK00063,3
U0261,BK00034,10
U0261,BK00028,9
U0261,BK00035,10
U0261,BK00025,10
U0261,BK00027,10
U0262,BK00000,8
U0262,BK00005,9
U0262,BK00009,10
U0262,BK00003,8
U0262,BK00007,10
U0262,BK00001,10
U0262,BK00006,8
U0262,BK00002,9
U0262,BK00008,9
U0262,BK00004,8
U0263,BK00001,9
U0263,BK00007,10
U0263,BK00002,9
U0263,BK00006,10
U0263,BK00004,9
U0263,BK00000,8
U0263,BK00005,10
U0263,BK00003,10
U0263,BK00009,9
U0263,BK00008,9
U0264,BK00002,9
U0264,BK00005,8
U0264,BK00001,10
U0264,BK00000,10
U0264,BK00009,9
U0264,BK00007,8
U0264,BK00003,10
U0264,BK00006,8
U0264,BK00004,8
U0264,BK00008,8
U0264,BK00025,4
U0264,BK00044,3
U0264,BK00012,7
U0265,BK00050,10
U0265,BK00045,10
U0265,BK00052,8
U0265,BK00049,9
U0265,BK00054,9
U0265,BK00053,10
U0265,BK00044,8
U0265,BK00051,10
U0265,BK00046,4
U0265,BK00002,4
U0265,BK00038,3
U0265,BK00011,7
U0266,BK00062,10
U0266,BK00066,10
U0266,BK00064,9
U0266,BK00060,9
U0266,BK00061,8
U0266,BK00059,8
U0266,BK00065,9
U0266,BK00063,9
U0266,BK00043,4
U0267,BK00038,10
U0267,BK00039,10
U0267,BK00043,10
U0267,BK00048,9
U0267,BK00042,10
U0267,BK00047,9
U0267,BK00046,9
U0267,BK00040,9
U0267,BK00041,8
U0267,BK00007,5
U0267,BK00004,4
U0267,BK00066,3
U0267,BK00015,4
U0268,BK00029,9
U0268,BK00035,9
U0268,BK00037,9
U0268,BK00044,9
U0268,BK00028,9
U0268,BK00031,9
U0268,BK00045,8
U0268,BK00033,10
U0268,BK00034,8
U0268,BK00036,9
U0268,BK00032,9
U0268,BK00008,3
U0268,BK00039,6
U0269,BK00021,9
U0269,BK00022,10
U0269,BK00020,10
U0269,BK00024,10
U0269,BK00023,9
U0269,BK00026,8
U0269,BK00045,10
U0269,BK00025,9
U0269,BK00044,9
U0269,BK00027,9
U0269,BK00064,6
U0269,BK00041,7
U0269,BK00039,4
U0270,BK00021,10
U0270,BK00007,10
U0270,BK00008,9
U0270,BK00045,8
U0270,BK00005,10
U0270,BK00043,3
U0270,BK00050,6
U0270,BK00064,4
U0270,BK00016,4
U0271,BK00038,10
U0271,BK00030,9
U0271,BK00033,10
U0271,BK00042,9
U0271,BK00040,9
U0271,BK00036,10
U0271,BK00062,3
U0271,BK00052,3
U0271,BK00001,6
U0271,BK00046,5
U0272,BK00006,9
U0272,BK00002,9
U0272,BK00009,10
U0272,BK00005,8
U0272,BK00039,10
U0272,BK00000,9
U0272,BK00008,9
U0272,BK00041,9
U0272,BK00040,9
U0272,BK00001,10
U0272,BK00003,8
U0272,BK00044,10
U0272,BK00056,7
U0272,BK00012,4
U0272,BK00033,4
U0273,BK00040,10
U0273,BK00038,9
U0273,BK00043,10
U0273,BK00042,10
U0273,BK00047,9
U0273,BK00041,8
U0273,BK00046,9
U0273,BK00048,10
U0273,BK00039,8
U0273,BK00054,3
U0273,BK00034,6
U0273,BK00052,4
U0274,BK00018,10
U0274,BK00013,9
U0274,BK00014,10
U0274,BK00017,9
U0274,BK00012,10
U0274,BK00065,10
U0274,BK00066,8
U0274,BK00059,9
U0274,BK00010,9
U0274,BK00036,3
U0274,BK00053,3
U0275,BK00058,10
U0275,BK00057,10
U0275,BK00056,10
U0275,BK00055,10
U0275,BK00037,5
U0275,BK00042,7
U0275,BK00046,4
U0276,BK00027,9
U0276,BK00025,9
U0276,BK00024,9
U0276,BK00020,8
U0276,BK00022,8
U0276,BK00041,9
U0276,BK00038,10
U0276,BK00023,9
U0276,BK00021,10
U0276,BK00040,9
U0276,BK00026,9
U0276,BK00018,4
U0276,BK00011,4
U0276,BK00066,7
U0276,BK00058,3
U0277,BK00023,10
U0277,BK00024,10
U0277,BK00047,9
U0277,BK00026,9
U0277,BK00020,10
U0277,BK00043,9
U0277,BK00022,10
U0277,BK00048,9
U0277,BK00027,10
U0277,BK00021,10
U0277,BK00046,9
U0277,BK00025,8
U0277,BK00000,6
U0278,BK00021,9
U0278,BK00022,10
U0278,BK00020,10
U0278,BK00023,9
U0278,BK00027,9
U0278,BK00024,9
U0278,BK00026,8
U0278,BK00025,8
U0278,BK00003,7
U0278,BK00048,6
U0279,BK00056,10
U0279,BK00058,9
U0279,BK00057,10
U0279,BK00055,9
U0279,BK00025,3
U0279,BK00009,5
U0280,BK00042,9
U0280,BK00046,10
U0280,BK00041,10
U0280,BK00039,8
U0280,BK00048,9
U0280,BK00038,9
U0280,BK00040,9
U0280,BK00047,10
U0280,BK00043,10
U0280,BK00055,5
U0280,BK00066,3
U0280,BK00026,7
U0281,BK00018,9
U0281,BK00003,9
U0281,BK00015,9
U0281,BK00004,10
U0281,BK00014,8
U0281,BK00013,9
U0281,BK00012,10
U0281,BK00016,9
U0281,BK00005,10
U0281,BK00009,9
U0281,BK00017,8
U0281,BK00010,8
U0281,BK00001,9
U0281,BK00002,10
U0281,BK00019,8
U0281,BK00008,10
U0281,BK00006,9
U0281,BK00049,7
U0281,BK00034,6
U0281,BK00021,7
U0281,BK00020,6
U0282,BK00049,9
U0282,BK00017,8
U0282,BK00053,9
U0282,BK00051,9
U0282,BK00013,10
U0282,BK00019,8
U0282,BK00016,10
U0282,BK00054,9
U0282,BK00011,9
U0282,BK00012,8
U0282,BK00050,10
U0282,BK00015,9
U0282,BK00010,10
U0282,BK00014,9
U0282,BK00052,9
U0282,BK00036,5
U0282,BK00056,5
U0283,BK00015,9
U0283,BK00012,9
U0283,BK00010,10
U0283,BK00057,10
U0283,BK00018,10
U0283,BK00014,10
U0283,BK00058,10
U0283,BK00016,8
U0283,BK00013,10
U0283,BK00017,10
U0283,BK00055,8
U0283,BK00056,8
U0283,BK00019,9
U0283,BK00011,8
U0283,BK00042,6
U0284,BK00047,9
U0284,BK00043,9
U0284,BK00039,9
U0284,BK00048,9
U0284,BK00040,9
U0284,BK00038,9
U0284,BK00042,8
U0284,BK00041,10
U0284,BK00008,3
U0285,BK00006,8
U0285,BK00000,9
U0285,BK00003,8
U0285,BK00008,8
U0285,BK00009,8
U0285,BK00004,10
U0285,BK00005,9
U0285,BK00001,10
U0285,BK00007,9
U0285,BK00002,9
U0286,BK00008,8
U0286,BK00018,10
U0286,BK00011,8
U0286,BK00017,10
U0286,BK00005,9
U0286,BK00013,9
U0286,BK00019,9
U0286,BK00012,9
U0286,BK00035,7
U0286,BK00052,3
U0286,BK00056,3
U0286,BK00024,4
U0287,BK00052,10
U0287,BK00054,8
U0287,BK00021,10
U0287,BK00043,9
U0287,BK00024,10
U0287,BK00027,10
U0287,BK00047,9
U0287,BK00022,10
U0287,BK00023,9
U0287,BK00050,10
U0287,BK00026,10
U0287,BK00049,9
U0287,BK00020,10
U0287,BK00048,9
U0287,BK00025,8
U0287,BK00046,10
U0287,BK00051,9
U0287,BK00053,9
U0287,BK00064,3
U0287,BK00002,6
U0287,BK00005,3
U0287,BK00028,6
U0288,BK00057,9
U0288,BK00012,10
U0288,BK00018,10
U0288,BK00015,8
U0288,BK00056,9
U0288,BK00019,10
U0288,BK00016,10
U0288,BK00022,5
U0288,BK00031,7
U0289,BK00048,9
U0289,BK00047,8
U0289,BK00045,8
U0289,BK00043,8
U0289,BK00042,8
U0289,BK00040,10
U0289,BK00039,8
U0289,BK00041,9
U0289,BK00038,10
U0289,BK00044,10
U0289,BK00046,9
U0289,BK00031,4
U0289,BK00014,5
U0289,BK00051,7
U0290,BK00016,9
U0290,BK00019,9
U0290,BK00052,10
U0290,BK00064,10
U0290,BK00051,9
U0290,BK00065,9
U0290,BK00018,10
U0290,BK00059,10
U0290,BK00010,8
U0290,BK00061,10
U0290,BK00050,10
U0290,BK00054,10
U0290,BK00011,10
U0290,BK00063,10
U0290,BK00017,10
U0290,BK00015,10
U0290,BK00049,10
U0290,BK00013,9
U0290,BK00002,7
U0290,BK00021,3
U0290,BK00047,6
U0291,BK00053,9
U0291,BK00051,10
U0291,BK00049,8
U0291,BK00054,10
U0291,BK00045,9
U0291,BK00052,9
U0291,BK00050,10
U0291,BK00044,9
U0291,BK00001,3
U0291,BK00056,4
U0291,BK00065,4
U0291,BK00040,4
U0292,BK00011,10
U0292,BK00062,10
U0292,BK00012,10
U0292,BK00061,10
U0292,BK00059,9
U0292,BK00010,8
U0292,BK00002,6
U0292,BK00039,7
U0293,BK00048,9
U0293,BK00046,9
U0293,BK00043,10
U0293,BK00047,10
U0294,BK00026,8
U0294,BK00023,10
U0294,BK00027,9
U0294,BK00021,9
U0294,BK00038,8
U0294,BK00041,10
U0294,BK00022,10
U0294,BK00042,10
U0294,BK00020,10
U0294,BK00025,9
U0294,BK00040,9
U0294,BK00039,8
U0294,BK00024,9
U0294,BK00060,7
U0294,BK00005,5
U0294,BK00058,6
U0294,BK00050,7
U0295,BK00032,10
U0295,BK00037,10
U0295,BK00036,10
U0295,BK00035,8
U0295,BK00030,10
U0295,BK00028,9
U0295,BK00033,9
U0295,BK00045,10
U0295,BK00029,9
U0295,BK00044,9
U0295,BK00031,9
U0295,BK00034,9
U0295,BK00017,6
U0295,BK00052,6
U0295,BK00046,5
U0296,BK00032,8
U0296,BK00037,9
U0296,BK00030,9
U0296,BK00035,10
U0296,BK00033,10
U0296,BK00036,10
U0296,BK00029,10
U0296,BK00031,10
U0296,BK00028,8
U0296,BK00034,9
U0296,BK00012,4
U0297,BK00000,10
U0297,BK00025,9
U0297,BK00021,8
U0297,BK00003,10
U0297,BK00027,9
U0297,BK00004,9
U0297,BK00020,8
U0297,BK00006,10
U0297,BK00007,10
U0297,BK00008,8
U0297,BK00024,10
U0297,BK00026,10
U0298,BK00018,9
U0298,BK00041,10
U0298,BK00054,10
U0298,BK00017,9
U0298,BK00011,10
U0298,BK00051,8
U0298,BK00013,10
U0298,BK00050,10
U0298,BK00019,9
U0298,BK00040,8
U0298,BK00039,9
U0298,BK00023,7
U0299,BK00053,9
U0299,BK00054,9
U0299,BK00029,8
U0299,BK00033,10
U0299,BK00036,9
U0299,BK00037,10
U0299,BK00049,10
U0299,BK00031,8
U0299,BK00030,10
U0299,BK00034,9
U0299,BK00028,9
U0299,BK00050,8
U0299,BK00047,4
U0299,BK00024,5
U0300,BK00025,9
U0300,BK00026,10
U0300,BK00027,8
U0300,BK00023,9
U0300,BK00020,9
U0300,BK00021,10
U0300,BK00024,8
U0300,BK00022,9
U0300,BK00055,6
U0300,BK00034,7
U0300,BK00061,7
U0301,BK00054,10
U0301,BK00004,9
U0301,BK00001,9
U0301,BK00006,9
U0301,BK00008,10
U0301,BK00010,3
U0302,BK00022,10
U0302,BK00026,9
U0302,BK00024,9
U0302,BK00023,9
U0302,BK00027,8
U0302,BK00021,10
U0302,BK00025,9
U0302,BK00020,9
U0302,BK00011,6
U0302,BK00051,6
U0303,BK00055,10
U0303,BK00009,10
U0303,BK00058,10
U0303,BK00035,10
U0303,BK00030,8
U0303,BK00004,9
U0303,BK00034,9
U0303,BK00036,9
U0303,BK00033,9
U0303,BK00028,9
U0303,BK00007,10
U0303,BK00037,10
U0303,BK00003,9
U0303,BK00002,10
U0303,BK00032,9
U0303,BK00057,10
U0303,BK00029,9
U0303,BK00006,9
U0303,BK00056,9
U0303,BK00000,10
U0303,BK00008,9
U0304,BK00000,9
U0304,BK00027,10
U0304,BK00006,10
U0304,BK00007,10
U0304,BK00023,9
U0304,BK00025,8
U0304,BK00001,8
U0304,BK00002,10
U0304,BK00008,8
U0304,BK00021,8
U0304,BK00020,9
U0304,BK00005,9
U0304,BK00009,10
U0304,BK00062,5
U0304,BK00043,7
U0305,BK00039,8
U0305,BK00061,9
U0305,BK00009,8
U0305,BK00041,9
U0305,BK00060,10
U0305,BK00004,9
U0305,BK00001,9
U0305,BK00005,10
U0305,BK00066,9
U0305,BK00002,9
U0305,BK00008,10
U0305,BK00007,9
U0305,BK00064,10
U0305,BK00038,9
U0305,BK00062,10
U0305,BK00065,9
U0305,BK00042,9
U0305,BK00059,10
U0305,BK00063,9
U0305,BK00003,10
U0305,BK00026,6
U0306,BK00028,8
U0306,BK00031,10
U0306,BK00030,9
U0306,BK00037,10
U0306,BK00036,10
U0306,BK00035,10
U0306,BK00029,10
U0306,BK00032,8
U0306,BK00027,4
U0306,BK00007,3
U0306,BK00041,5
U0307,BK00030,10
U0307,BK00037,8
U0307,BK00032,9
U0307,BK00035,8
U0307,BK00033,9
U0307,BK00034,8
U0307,BK00029,10
U0307,BK00036,9
U0307,BK00028,10
U0307,BK00031,8
U0307,BK00004,5
U0307,BK00015,4
U0307,BK00059,3
U0308,BK00052,10
U0308,BK00051,9
U0308,BK00049,9
U0308,BK00050,8
U0308,BK00054,9
U0308,BK00053,9
U0308,BK00066,3
U0308,BK00048,3
U0309,BK00044,9
U0309,BK00064,9
U0309,BK00066,8
U0309,BK00012,9
U0309,BK00061,10
U0309,BK00059,9
U0309,BK00013,10
U0309,BK00062,10
U0309,BK00015,10
U0309,BK00065,10
U0309,BK00010,9
U0309,BK00063,10
U0309,BK00011,10
U0309,BK00014,10
U0309,BK00017,8
U0309,BK00016,10
U0309,BK00029,5
U0309,BK00055,7
U0309,BK00050,4
U0310,BK00016,10
U0310,BK00013,8
U0310,BK00015,9
U0310,BK00011,10
U0310,BK00010,10
U0310,BK00043,3
U0310,BK00052,6
U0310,BK00053,5
U0311,BK00023,8
U0311,BK00024,10
U0311,BK00027,10
U0311,BK00022,9
U0311,BK00020,9
U0311,BK00026,9
U0311,BK00025,10
U0311,BK00021,8
U0311,BK00006,7
U0311,BK00040,3
U0311,BK00035,3
U0311,BK00034,6
U0312,BK00020,9
U0312,BK00027,9
U0312,BK00023,9
U0312,BK00022,8
U0312,BK00024,10
U0312,BK00025,9
U0312,BK00021,8
U0312,BK00026,10
U0312,BK00059,7
U0312,BK00016,3
U0312,BK00029,3
U0312,BK00066,6
U0313,BK00007,9
U0313,BK00009,9
U0313,BK00006,8
U0313,BK00008,9
U0313,BK00005,8
U0313,BK00004,8
U0313,BK00003,9
U0313,BK00001,8
U0313,BK00002,9
U0313,BK00061,6
U0313,BK00029,4
U0313,BK00015,4
U0314,BK00028,8
U0314,BK00036,9
U0314,BK00031,9
U0314,BK00057,10
U0314,BK00035,10
U0314,BK00030,10
U0315,BK00050,10
U0315,BK00054,10
U0315,BK00051,10
U0315,BK00052,10
U0315,BK00053,10
U0315,BK00049,10
U0315,BK00000,5
U0315,BK00006,3
U0316,BK00054,10
U0316,BK00045,10
U0316,BK00052,8
U0316,BK00044,10
U0316,BK00051,10
U0316,BK00053,9
U0316,BK00049,10
U0316,BK00050,10
U0316,BK00065,3
U0316,BK00041,4
U0317,BK00053,9
U0317,BK00031,8
U0317,BK00036,10
U0317,BK00054,9
U0317,BK00037,9
U0317,BK00049,9
U0317,BK00033,9
U0317,BK00035,10
U0317,BK00030,10
U0317,BK00052,8
U0317,BK00050,10
U0317,BK00051,10
U0317,BK00032,9
U0317,BK00034,9
U0317,BK00029,9
U0317,BK00010,7
U0317,BK00055,3
U0317,BK00013,3
U0318,BK00040,9
U0318,BK00038,8
U0318,BK00046,10
U0318,BK00047,9
U0318,BK00048,9
U0318,BK00041,10
U0318,BK00043,10
U0318,BK00042,8
U0318,BK00039,8
U0318,BK00014,6
U0318,BK00031,6
U0318,BK00016,3
U0318,BK00021,3
U0319,BK00062,9
U0319,BK00064,9
U0319,BK00002,10
U0319,BK00009,9
U0319,BK00065,8
U0319,BK00013,9
U0319,BK00008,9
U0319,BK00011,10
U0319,BK00016,9
U0319,BK00018,9
U0319,BK00017,9
U0319,BK00006,10
U0319,BK00063,10
U0319,BK00012,9
U0319,BK00003,9
U0319,BK00015,10
U0319,BK00061,10
U0319,BK00060,10
U0319,BK00000,10
U0319,BK00066,10
U0319,BK00020,5
U0319,BK00035,3
U0319,BK00050,6
U0320,BK00001,8
U0320,BK00009,10
U0320,BK00005,9
U0320,BK00002,10
U0320,BK00003,10
U0320,BK00008,10
U0320,BK00007,9
U0320,BK00000,9
U0320,BK00004,9
U0320,BK00006,8
U0320,BK00048,5
U0321,BK00065,10
U0321,BK00026,10
U0321,BK00023,9
U0321,BK00044,10
U0321,BK00024,9
U0321,BK00025,9
U0321,BK00022,8
U0321,BK00045,8
U0321,BK00062,10
U0321,BK00063,10
U0321,BK00060,9
U0321,BK00059,9
U0321,BK00020,9
U0321,BK00061,10
U0321,BK00021,10
U0321,BK00064,8
U0321,BK00027,8
U0321,BK00066,9
U0321,BK00005,5
U0322,BK00000,10
U0322,BK00015,9
U0322,BK00004,9
U0322,BK00043,9
U0322,BK00009,9
U0322,BK00016,10
U0322,BK00013,9
U0322,BK00060,6
U0322,BK00064,7
U0322,BK00066,4
U0322,BK00058,3
U0323,BK00031,10
U0323,BK00056,10
U0323,BK00057,10
U0323,BK00030,10
U0323,BK00034,10
U0323,BK00036,9
U0323,BK00032,10
U0323,BK00055,10
U0323,BK00058,10
U0323,BK00037,10
U0323,BK00029,10
U0323,BK00033,10
U0323,BK00028,9
U0323,BK00035,9
U0323,BK00053,7
U0323,BK00043,4
U0324,BK00027,9
U0324,BK00022,10
U0324,BK00050,9
U0324,BK00052,8
U0324,BK00021,10
U0324,BK00023,9
U0324,BK00049,8
U0324,BK00054,9
U0324,BK00025,9
U0324,BK00053,9
U0324,BK00051,9
U0324,BK00026,9
U0324,BK00020,10
U0324,BK00024,8
U0325,BK00026,10
U0325,BK00020,9
U0325,BK00022,8
U0325,BK00025,8
U0325,BK00021,10
U0325,BK00027,10
U0325,BK00023,10
U0325,BK00024,9
U0326,BK00045,9
U0326,BK00048,10
U0326,BK00051,9
U0326,BK00044,10
U0326,BK00046,8
U0326,BK00043,10
U0326,BK00052,9
U0326,BK00054,8
U0326,BK00050,9
U0326,BK00047,8
U0326,BK00053,10
U0326,BK00049,9
U0326,BK00042,7
U0326,BK00039,3
U0326,BK00026,7
U0326,BK00024,3
U0327,BK00059,9
U0327,BK00063,9
U0327,BK00065,10
U0327,BK00060,10
U0327,BK00062,8
U0327,BK00061,10
U0327,BK00066,10
U0327,BK00064,9
U0327,BK00011,6
U0327,BK00001,7
U0327,BK00017,3
U0327,BK00050,6
U0328,BK00046,8
U0328,BK00048,10
U0328,BK00043,9
U0328,BK00047,9
U0328,BK00016,4
U0328,BK00005,4
U0328,BK00007,5
U0329,BK00026,9
U0329,BK00025,9
U0329,BK00021,10
U0329,BK00020,9
U0329,BK00022,9
U0329,BK00024,10
U0329,BK00023,8
U0329,BK00027,8
U0329,BK00032,4
U0329,BK00006,4
U0330,BK00036,10
U0330,BK00032,8
U0330,BK00062,10
U0330,BK00028,9
U0330,BK00060,9
U0330,BK00030,9
U0330,BK00034,10
U0330,BK00033,9
U0330,BK00061,9
U0330,BK00066,10
U0330,BK00059,10
U0330,BK00065,10
U0330,BK00049,10
U0330,BK00052,8
U0330,BK00054,8
U0330,BK00063,10
U0330,BK00050,10
U0330,BK00037,9
U0330,BK00051,9
U0330,BK00053,8
U0330,BK00048,3
U0330,BK00026,6
U0331,BK00064,9
U0331,BK00040,10
U0331,BK00062,9
U0331,BK00039,10
U0331,BK00038,9
U0331,BK00063,10
U0331,BK00059,10
U0331,BK00060,9
U0331,BK00066,9
U0331,BK00065,9
U0331,BK00042,10
U0331,BK00041,9
U0331,BK00061,9
U0332,BK00033,10
U0332,BK00029,8
U0332,BK00043,10
U0332,BK00047,8
U0332,BK00035,9
U0332,BK00031,10
U0332,BK00037,10
U0332,BK00032,9
U0332,BK00036,10
U0332,BK00046,9
U0332,BK00048,8
U0332,BK00034,8
U0332,BK00028,10
U0332,BK00030,9
U0332,BK00005,4
U0332,BK00064,6
U0332,BK00055,3
U0332,BK00004,4
U0333,BK00039,9
U0333,BK00038,8
U0333,BK00040,9
U0333,BK00042,10
U0333,BK00041,10
U0333,BK00031,4
U0334,BK00029,10
U0334,BK00032,9
U0334,BK00035,10
U0334,BK00037,9
U0334,BK00036,9
U0334,BK00034,8
U0334,BK00033,10
U0334,BK00028,10
U0334,BK00030,9
U0334,BK00031,10
U0334,BK00016,6
U0335,BK00045,10
U0335,BK00044,9
U0335,BK00035,7
U0335,BK00015,3
U0335,BK00061,4
U0336,BK00042,8
U0336,BK00041,10
U0336,BK00039,8
U0336,BK00038,9
U0336,BK00040,10
U0336,BK00021,3
U0337,BK00033,10
U0337,BK00032,9
U0337,BK00029,9
U0337,BK00037,9
U0337,BK00034,8
U0337,BK00028,10
U0337,BK00036,9
U0337,BK00035,9
U0337,BK00030,8
U0338,BK00036,10
U0338,BK00033,9
U0338,BK00037,8
U0338,BK00031,9
U0338,BK00056,8
U0338,BK00034,10
U0338,BK00007,3
U0338,BK00005,5
U0338,BK00003,7
U0338,BK00002,6
U0339,BK00018,10
U0339,BK00010,9
U0339,BK00014,10
U0339,BK00016,10
U0339,BK00013,8
U0339,BK00006,6
U0339,BK00049,6
U0339,BK00058,6
U0340,BK00059,10
U0340,BK00016,10
U0340,BK00012,10
U0340,BK00011,9
U0340,BK00062,9
U0340,BK00060,9
U0340,BK00014,8
U0340,BK00019,8
U0340,BK00018,9
U0340,BK00013,9
U0340,BK00015,10
U0340,BK00063,10
U0340,BK00010,10
U0340,BK00065,9
U0340,BK00032,5
U0340,BK00036,7
U0341,BK00052,9
U0341,BK00061,8
U0341,BK00060,9
U0341,BK00062,9
U0341,BK00020,10
U0341,BK00049,10
U0341,BK00024,10
U0341,BK00050,9
U0341,BK00023,10
U0341,BK00059,10
U0341,BK00063,9
U0341,BK00065,10
U0341,BK00026,9
U0341,BK00012,6
U0341,BK00045,5
U0342,BK00010,9
U0342,BK00017,10
U0342,BK00013,9
U0342,BK00019,10
U0342,BK00015,9
U0342,BK00011,8
U0342,BK00014,9
U0342,BK00018,8
U0342,BK00016,8
U0342,BK00012,9
U0342,BK00057,3
U0342,BK00059,7
U0342,BK00062,3
U0343,BK00039,9
U0343,BK00040,9
U0343,BK00038,9
U0343,BK00041,9
U0343,BK00042,9
U0343,BK00018,7
U0344,BK00020,9
U0344,BK00021,9
U0344,BK00022,9
U0344,BK00027,10
U0344,BK00024,9
U0344,BK00025,9
U0344,BK00023,9
U0344,BK00026,9
U0345,BK00063,9
U0345,BK00019,8
U0345,BK00065,10
U0345,BK00017,10
U0345,BK00012,9
U0345,BK00011,10
U0345,BK00064,9
U0345,BK00050,4
U0345,BK00037,5
U0346,BK00002,10
U0346,BK00008,9
U0346,BK00007,10
U0346,BK00001,10
U0346,BK00005,10
U0346,BK00000,9
U0346,BK00003,9
U0346,BK00009,9
U0346,BK00004,10
U0346,BK00006,10
U0346,BK00034,6
U0346,BK00058,6
U0346,BK00066,5
U0346,BK00051,7
U0347,BK00066,8
U0347,BK00065,9
U0347,BK00006,8
U0347,BK00005,9
U0347,BK00062,10
U0347,BK00008,10
U0347,BK00007,9
U0347,BK00063,9
U0347,BK00004,10
U0347,BK00001,8
U0347,BK00020,6
U0347,BK00033,7
U0347,BK00026,7
U0347,BK00047,5
U0348,BK00059,9
U0348,BK00054,10
U0348,BK00060,10
U0348,BK00065,10
U0348,BK00053,8
U0348,BK00066,9
U0348,BK00049,9
U0348,BK00050,8
U0348,BK00052,8
U0348,BK00061,8
U0348,BK00051,9
U0348,BK00063,8
U0348,BK00064,10
U0348,BK00062,9
U0349,BK00032,8
U0349,BK00046,10
U0349,BK00043,10
U0349,BK00048,9
U0349,BK00031,10
U0349,BK00030,9
U0349,BK00047,9
U0349,BK00028,9
U0349,BK00036,10
U0349,BK00033,9
U0349,BK00035,10
U0349,BK00029,10
U0349,BK00066,7
U0349,BK00051,6
U0349,BK00062,6
U0350,BK00016,9
U0350,BK00047,9
U0350,BK00046,8
U0350,BK00048,10
U0350,BK00013,9
U0350,BK00017,9
U0350,BK00018,9
U0350,BK00043,10
U0350,BK00014,10
U0350,BK00010,10
U0350,BK00008,7
U0350,BK00050,5
U0351,BK00060,9
U0351,BK00063,8
U0351,BK00008,9
U0351,BK00064,8
U0351,BK00001,10
U0351,BK00002,9
U0351,BK00005,8
U0351,BK00003,10
U0351,BK00004,10
U0351,BK00065,8
U0351,BK00000,9
U0351,BK00009,9
U0351,BK00062,8
U0351,BK00059,10
U0351,BK00006,9
U0351,BK00007,9
U0351,BK00066,9
U0351,BK00061,9
U0351,BK00048,7
U0351,BK00038,3
U0352,BK00000,9
U0352,BK00002,9
U0352,BK00005,10
U0352,BK00006,10
U0352,BK00043,9
U0352,BK00047,10
U0352,BK00001,10
U0352,BK00007,9
U0352,BK00004,10
U0352,BK00003,9
U0352,BK00046,10
U0352,BK00008,10
U0352,BK00048,9
U0352,BK00009,9
U0352,BK00018,3
U0353,BK00052,8
U0353,BK00053,9
U0353,BK00050,10
U0353,BK00051,9
U0353,BK00054,9
U0353,BK00049,10
U0353,BK00029,7
U0353,BK00036,4
U0353,BK00002,6
U0354,BK00027,10
U0354,BK00023,9
U0354,BK00025,8
U0354,BK00021,9
U0354,BK00020,10
U0354,BK00024,10
U0354,BK00026,10
U0354,BK00022,8
U0354,BK00017,5
U0355,BK00015,10
U0355,BK00016,9
U0355,BK00017,10
U0355,BK00011,8
U0355,BK00012,8
U0355,BK00018,9
U0355,BK00010,8
U0355,BK00014,9
U0355,BK00013,9
U0355,BK00019,10
U0355,BK00034,6
U0355,BK00031,6
U0355,BK00057,3
U0356,BK00058,8
U0356,BK00055,10
U0356,BK00056,8
U0356,BK00057,9
U0356,BK00010,5
U0357,BK00056,9
U0357,BK00055,9
U0357,BK00057,9
U0357,BK00058,8
U0357,BK00028,7
U0358,BK00054,8
U0358,BK00053,10
U0358,BK00049,9
U0358,BK00050,9
U0358,BK00051,9
U0358,BK00003,4
U0358,BK00038,4
U0358,BK00000,3
U0359,BK00044,9
U0359,BK00045,8
U0359,BK00008,4
U0360,BK00008,9
U0360,BK00001,9
U0360,BK00005,8
U0360,BK00002,9
U0360,BK00004,9
U0360,BK00009,9
U0360,BK00007,8
U0360,BK00006,10
U0360,BK00003,9
U0360,BK00000,8
U0361,BK00030,10
U0361,BK00049,8
U0361,BK00052,10
U0361,BK00032,10
U0361,BK00053,9
U0361,BK00037,9
U0361,BK00033,8
U0361,BK00028,10
U0361,BK00029,9
U0361,BK00035,10
U0361,BK00031,9
U0361,BK00065,5
U0361,BK00045,4
U0362,BK00049,10
U0362,BK00013,9
U0362,BK00018,10
U0362,BK00011,8
U0362,BK00010,8
U0362,BK00012,9
U0362,BK00052,9
U0362,BK00014,10
U0362,BK00019,9
U0362,BK00050,9
U0362,BK00016,9
U0362,BK00053,10
U0362,BK00054,9
U0362,BK00015,8
U0362,BK00063,4
U0363,BK00020,9
U0363,BK00050,10
U0363,BK00023,10
U0363,BK00027,10
U0363,BK00025,9
U0363,BK00053,9
U0363,BK00049,10
U0363,BK00052,8
U0363,BK00054,8
U0363,BK00048,10
U0363,BK00024,8
U0363,BK00026,9
U0363,BK00003,3
U0363,BK00060,4
U0363,BK00015,4
U0363,BK00061,4
U0364,BK00023,9
U0364,BK00021,9
U0364,BK00024,10
U0364,BK00020,9
U0364,BK00027,10
U0364,BK00022,9
U0364,BK00026,9
U0364,BK00025,9
U0364,BK00054,7
U0365,BK00029,10
U0365,BK00033,10
U0365,BK00034,9
U0365,BK00040,10
U0365,BK00030,9
U0365,BK00035,9
U0365,BK00037,10
U0365,BK00039,10
U0365,BK00032,9
U0365,BK00036,10
U0365,BK00031,9
U0365,BK00042,10
U0365,BK00041,10
U0365,BK00028,10
U0365,BK00038,10
U0365,BK00005,3
U0365,BK00063,5
U0365,BK00019,4
U0366,BK00028,8
U0366,BK00027,10
U0366,BK00021,8
U0366,BK00035,8
U0366,BK00034,10
U0366,BK00023,10
U0366,BK00022,9
U0366,BK00033,9
U0366,BK00025,10
U0366,BK00024,9
U0366,BK00059,5
U0366,BK00055,7
U0367,BK00002,10
U0367,BK00007,9
U0367,BK00048,8
U0367,BK00008,8
U0367,BK00003,8
U0367,BK00043,10
U0367,BK00001,10
U0367,BK00005,10
U0367,BK00009,8
U0367,BK00004,10
U0367,BK00046,9
U0367,BK00006,10
U0367,BK00047,9
U0367,BK00000,10
U0367,BK00025,5
U0367,BK00052,5
U0368,BK00056,10
U0368,BK00042,8
U0368,BK00045,8
U0368,BK00057,8
U0368,BK00039,10
U0368,BK00040,10
U0368,BK00041,10
U0368,BK00058,9
U0368,BK00038,10
U0368,BK00044,9
U0368,BK00055,9
U0368,BK00063,5
U0369,BK00027,9
U0369,BK00021,9
U0369,BK00024,9
U0369,BK00020,10
U0369,BK00023,10
U0369,BK00022,10
U0369,BK00025,8
U0369,BK00026,9
U0369,BK00003,3
U0370,BK00014,8
U0370,BK00011,8
U0370,BK00015,9
U0370,BK00010,8
U0370,BK00013,10
U0370,BK00017,8
U0370,BK00016,8
U0371,BK00058,10
U0371,BK00057,9
U0371,BK00056,9
U0371,BK00055,9
U0371,BK00045,5
U0371,BK00021,4
U0371,BK00038,5
U0372,BK00003,10
U0372,BK00045,10
U0372,BK00044,10
U0372,BK00005,9
U0372,BK00004,8
U0372,BK00009,9
U0372,BK00008,8
U0372,BK00007,9
U0372,BK00002,8
U0372,BK00000,9
U0372,BK00006,10
U0372,BK00001,9
U0372,BK00038,7
U0372,BK00051,6
U0373,BK00015,10
U0373,BK00017,10
U0373,BK00062,9
U0373,BK00013,9
U0373,BK00065,9
U0373,BK00063,9
U0373,BK00011,8
U0373,BK00018,8
U0373,BK00061,10
U0373,BK00010,8
U0373,BK00059,9
U0373,BK00060,9
U0373,BK00012,10
U0373,BK00066,9
U0373,BK00016,9
U0373,BK00039,5
U0373,BK00020,6
U0373,BK00038,3
U0373,BK00007,4
U0374,BK00047,8
U0374,BK00051,9
U0374,BK00014,8
U0374,BK00016,8
U0374,BK00043,8
U0374,BK00046,9
U0374,BK00018,10
U0374,BK00019,9
U0374,BK00012,8
U0374,BK00010,10
U0374,BK00052,9
U0374,BK00026,4
U0375,BK00044,10
U0375,BK00007,9
U0375,BK00006,9
U0375,BK00001,9
U0375,BK00004,9
U0375,BK00008,10
U0375,BK00000,10
U0375,BK00003,9
U0375,BK00045,10
U0375,BK00002,9
U0375,BK00009,9
U0375,BK00005,8
U0375,BK00010,7
U0375,BK00046,5
U0375,BK00066,5
U0376,BK00049,8
U0376,BK00019,9
U0376,BK00040,10
U0376,BK00011,10
U0376,BK00038,9
U0376,BK00014,9
U0376,BK00041,8
U0376,BK00039,10
U0376,BK00013,10
U0376,BK00042,9
U0376,BK00065,6
U0377,BK00043,9
U0377,BK00044,9
U0377,BK00047,10
U0377,BK00046,8
U0377,BK00045,9
U0377,BK00048,10
U0378,BK00066,9
U0378,BK00064,10
U0378,BK00062,8
U0378,BK00061,9
U0378,BK00060,10
U0378,BK00059,10
U0378,BK00063,9
U0378,BK00065,8
U0379,BK00046,10
U0379,BK00043,9
U0379,BK00047,8
U0379,BK00048,8
U0379,BK00027,4
U0379,BK00066,6
U0379,BK00009,6
U0379,BK00040,5
U0380,BK00012,10
U0380,BK00044,9
U0380,BK00014,10
U0380,BK00011,10
U0380,BK00020,10
U0380,BK00021,9
U0380,BK00017,10
U0380,BK00013,9
U0380,BK00019,8
U0380,BK00027,9
U0380,BK00018,8
U0380,BK00023,10
U0380,BK00015,9
U0380,BK00024,10
U0380,BK00026,8
U0380,BK00025,10
U0380,BK00045,10
U0380,BK00016,10
U0381,BK00052,10
U0381,BK00054,9
U0381,BK00057,8
U0381,BK00049,8
U0381,BK00018,8
U0381,BK00016,10
U0381,BK00056,9
U0381,BK00050,9
U0381,BK00055,10
U0381,BK00051,9
U0381,BK00023,6
U0381,BK00061,3
U0381,BK00020,4
U0381,BK00005,5
U0382,BK00058,10
U0382,BK00055,9
U0382,BK00056,8
U0382,BK00057,8
U0382,BK00062,4
U0382,BK00022,3
U0382,BK00038,4
U0382,BK00034,4
U0383,BK00034,9
U0383,BK00021,8
U0383,BK00036,9
U0383,BK00030,9
U0383,BK00026,9
U0383,BK00037,10
U0383,BK00027,10
U0383,BK00029,10
U0383,BK00025,9
U0383,BK00032,10
U0383,BK00022,9
U0383,BK00031,9
U0383,BK00033,10
U0383,BK00020,10
U0383,BK00023,8
U0383,BK00035,10
U0383,BK00028,9
U0383,BK00024,8
U0383,BK00062,5
U0383,BK00009,3
U0383,BK00052,7
U0384,BK00055,9
U0384,BK00056,9
U0384,BK00058,9
U0384,BK00057,8
U0384,BK00049,3
U0384,BK00017,6
U0385,BK00044,10
U0385,BK00045,9
U0385,BK00039,7
U0385,BK00064,5
U0385,BK00012,7
U0385,BK00046,3
U0386,BK00026,10
U0386,BK00021,9
U0386,BK00022,9
U0386,BK00024,9
U0386,BK00023,10
U0386,BK00027,10
U0386,BK00020,9
U0386,BK00025,8
U0387,BK00030,8
U0387,BK00035,8
U0387,BK00033,8
U0387,BK00044,9
U0387,BK00032,8
U0387,BK00045,9
U0387,BK00031,10
U0387,BK00036,8
U0387,BK00029,8
U0387,BK00037,9
U0387,BK00028,10
U0387,BK00034,10
U0387,BK00061,3
U0387,BK00020,6
U0387,BK00066,7
U0388,BK00053,10
U0388,BK00054,10
U0388,BK00049,9
U0388,BK00050,9
U0388,BK00052,10
U0388,BK00051,10
U0389,BK00061,10
U0389,BK00064,9
U0389,BK00063,9
U0389,BK00060,8
U0389,BK00065,9
U0389,BK00059,9
U0389,BK00062,10
U0389,BK00066,8
U0389,BK00022,5
U0389,BK00003,5
U0389,BK00027,6
U0389,BK00031,5
U0390,BK00002,10
U0390,BK00034,10
U0390,BK00037,9
U0390,BK00006,8
U0390,BK00029,10
U0390,BK00004,10
U0390,BK00035,9
U0390,BK00007,10
U0390,BK00003,8
U0390,BK00028,10
U0390,BK00033,8
U0390,BK00000,9
U0390,BK00001,9
U0390,BK00030,9
U0390,BK00008,10
U0390,BK00009,10
U0390,BK00036,9
U0390,BK00031,9
U0390,BK00005,9
U0390,BK00032,10
U0390,BK00042,4
U0390,BK00010,7
U0390,BK00016,5
U0391,BK00050,9
U0391,BK00054,8
U0391,BK00051,9
U0391,BK00052,9
U0391,BK00053,8
U0391,BK00049,9
U0391,BK00062,6
U0391,BK00061,6
U0392,BK00025,10
U0392,BK00008,9
U0392,BK00003,8
U0392,BK00006,8
U0392,BK00007,8
U0392,BK00026,9
U0392,BK00023,9
U0392,BK00020,9
U0392,BK00002,10
U0392,BK00005,8
U0392,BK00050,4
U0392,BK00064,3
U0392,BK00065,5
U0393,BK00007,8
U0393,BK00001,10
U0393,BK00008,10
U0393,BK00066,9
U0393,BK00060,9
U0393,BK00004,10
U0393,BK00065,9
U0393,BK00062,9
U0393,BK00009,8
U0393,BK00061,9
U0393,BK00000,10
U0393,BK00005,8
U0393,BK00006,9
U0393,BK00059,9
U0393,BK00064,9
U0393,BK00002,10
U0393,BK00063,8
U0393,BK00022,7
U0393,BK00040,4
U0393,BK00055,3
U0394,BK00045,10
U0394,BK00044,10
U0394,BK00043,3
U0395,BK00006,8
U0395,BK00009,8
U0395,BK00002,8
U0395,BK00003,9
U0395,BK00041,9
U0395,BK00004,9
U0395,BK00001,10
U0395,BK00013,5
U0395,BK00021,7
U0396,BK00045,8
U0396,BK00044,8
U0396,BK00042,3
U0396,BK00038,7
U0397,BK00047,10
U0397,BK00048,8
U0397,BK00046,8
U0397,BK00043,9
U0397,BK00013,7
U0397,BK00037,3
U0398,BK00062,9
U0398,BK00064,8
U0398,BK00066,9
U0398,BK00059,9
U0398,BK00063,10
U0398,BK00061,10
U0398,BK00060,9
U0398,BK00065,10
U0398,BK00045,5
U0398,BK00012,5
U0398,BK00034,6
U0399,BK00045,9
U0399,BK00044,9
U0399,BK00066,3
U0399,BK00002,7
U0399,BK00021,3
U0399,BK00035,4
U0400,BK00050,9
U0400,BK00051,10
U0400,BK00056,9
U0400,BK00055,10
U0400,BK00053,8
U0400,BK00052,10
U0400,BK00054,10
U0400,BK00058,10
U0400,BK00057,10
U0400,BK00049,9
U0400,BK00000,5
U0401,BK00042,9
U0401,BK00038,9
U0401,BK00041,9
U0401,BK00040,9
U0401,BK00039,8
U0401,BK00015,4
U0401,BK00018,4
U0401,BK00002,7
U0401,BK00047,3
U0402,BK00047,9
U0402,BK00043,8
U0402,BK00046,8
U0402,BK00048,9
U0402,BK00061,4
U0402,BK00039,5
U0402,BK00018,4
U0403,BK00001,9
U0403,BK00056,10
U0403,BK00057,9
U0403,BK00006,9
U0403,BK00004,10
U0403,BK00008,8
U0403,BK00003,10
U0403,BK00055,9
U0403,BK00007,10
U0403,BK00058,9
U0403,BK00002,9
U0403,BK00009,9
U0403,BK00000,10
U0403,BK00005,10
U0403,BK00038,4
U0404,BK00042,10
U0404,BK00002,8
U0404,BK00006,10
U0404,BK00038,9
U0404,BK00009,8
U0404,BK00003,10
U0404,BK00001,8
U0404,BK00041,10
U0404,BK00000,10
U0404,BK00025,3
U0404,BK00046,3
U0404,BK00056,3
U0405,BK00021,9
U0405,BK00022,9
U0405,BK00027,10
U0405,BK00024,10
U0405,BK00020,10
U0405,BK00023,9
U0405,BK00026,9
U0405,BK00025,9
U0406,BK00037,8
U0406,BK00028,10
U0406,BK00023,9
U0406,BK00020,8
U0406,BK00033,10
U0407,BK00020,8
U0407,BK00027,9
U0407,BK00005,9
U0407,BK00026,8
U0407,BK00022,10
U0407,BK00025,9
U0407,BK00002,8
U0407,BK00024,9
U0407,BK00023,8
U0407,BK00006,8
U0407,BK00021,10
U0407,BK00028,4
U0407,BK00017,4
U0407,BK00032,6
U0408,BK00026,8
U0408,BK00045,8
U0408,BK00020,9
U0408,BK00025,9
U0408,BK00027,9
U0408,BK00021,9
U0408,BK00046,10
U0408,BK00047,10
U0408,BK00056,6
U0408,BK00031,3
U0408,BK00016,3
U0409,BK00041,10
U0409,BK00038,10
U0409,BK00026,9
U0409,BK00042,9
U0409,BK00027,9
U0409,BK00023,10
U0409,BK00035,6
U0409,BK00043,7
U0409,BK00059,6
U0410,BK00057,8
U0410,BK00036,9
U0410,BK00031,9
U0410,BK00034,9
U0410,BK00052,9
U0410,BK00029,10
U0410,BK00056,9
U0410,BK00058,10
U0410,BK00050,10
U0410,BK00055,9
U0410,BK00030,9
U0410,BK00028,9
U0410,BK00032,8
U0410,BK00049,9
U0410,BK00054,8
U0410,BK00035,9
U0411,BK00000,9
U0411,BK00001,8
U0411,BK00009,8
U0411,BK00044,10
U0411,BK00007,10
U0411,BK00006,9
U0411,BK00004,9
U0411,BK00008,10
U0411,BK00045,9
U0411,BK00003,10
U0411,BK00005,9
U0411,BK00002,10
U0412,BK00049,10
U0412,BK00046,9
U0412,BK00047,10
U0412,BK00043,9
U0413,BK00045,9
U0413,BK00044,9
U0413,BK00066,3
U0413,BK00039,7
U0413,BK00029,6
U0413,BK00056,4
U0414,BK00044,10
U0414,BK00045,10
U0414,BK00009,5
U0415,BK00023,8
U0415,BK00024,9
U0415,BK00021,10
U0415,BK00020,9
U0415,BK00044,8
U0416,BK00042,9
U0416,BK00038,8
U0416,BK00041,9
U0416,BK00040,9
U0416,BK00039,8
U0416,BK00012,7
U0416,BK00035,7
U0417,BK00059,10
U0417,BK00066,9
U0417,BK00061,9
U0417,BK00065,8
U0417,BK00064,9
U0417,BK00063,10
U0417,BK00060,10
U0417,BK00062,8
U0417,BK00032,7
U0417,BK00012,4
U0417,BK00020,3
U0418,BK00052,9
U0418,BK00051,9
U0418,BK00006,9
U0418,BK00045,9
U0418,BK00002,10
U0418,BK00007,10
U0418,BK00003,8
U0418,BK00050,10
U0418,BK00005,9
U0418,BK00049,9
U0418,BK00000,10
U0418,BK00008,10
U0418,BK00053,8
U0418,BK00059,4
U0418,BK00043,7
U0418,BK00031,6
U0418,BK00038,3
U0419,BK00021,9
U0419,BK00023,10
U0419,BK00020,9
U0419,BK00026,9
U0419,BK00022,8
U0419,BK00025,8
U0419,BK00027,9
U0419,BK00024,10
U0420,BK00042,10
U0420,BK00051,9
U0420,BK00050,9
U0420,BK00039,8
U0420,BK00049,10
U0420,BK00041,10
U0420,BK00054,10
U0420,BK00052,9
U0420,BK00040,8
U0420,BK00038,10
U0420,BK00053,8
U0420,BK00032,4
U0420,BK00065,7
U0421,BK00024,8
U0421,BK00023,9
U0421,BK00021,10
U0421,BK00027,10
U0421,BK00026,10
U0421,BK00020,10
U0421,BK00022,8
U0421,BK00063,3
U0421,BK00037,4
U0421,BK00050,3
U0422,BK00031,9
U0422,BK00045,10
U0422,BK00037,8
U0422,BK00035,10
U0422,BK00033,10
U0422,BK00036,8
U0422,BK00034,9
U0422,BK00029,10
U0422,BK00044,10
U0422,BK00032,9
U0422,BK00028,8
U0422,BK00030,9
U0422,BK00009,3
U0422,BK00040,6
U0422,BK00052,5
U0422,BK00013,5
U0423,BK00011,9
U0423,BK00014,9
U0423,BK00016,8
U0423,BK00010,8
U0423,BK00012,10
U0423,BK00013,9
U0423,BK00018,9
U0423,BK00015,9
U0423,BK00052,4
U0424,BK00049,9
U0424,BK00052,8
U0424,BK00050,9
U0424,BK00054,10
U0424,BK00053,9
U0424,BK00044,10
U0424,BK00051,9
U0424,BK00045,8
U0424,BK00039,6
U0424,BK00009,5
U0424,BK00020,7
U0424,BK00042,3
U0425,BK00021,8
U0425,BK00020,9
U0425,BK00023,9
U0425,BK00052,10
U0425,BK00026,8
U0425,BK00049,10
U0425,BK00022,10
U0425,BK00024,10
U0425,BK00051,10
U0425,BK00054,9
U0425,BK00027,9
U0425,BK00053,10
U0425,BK00025,10
U0425,BK00050,10
U0425,BK00066,5
U0425,BK00031,3
U0426,BK00051,10
U0426,BK00050,9
U0426,BK00053,10
U0426,BK00054,8
U0426,BK00052,8
U0426,BK00049,8
U0426,BK00060,3
U0426,BK00042,3
U0427,BK00011,10
U0427,BK00051,9
U0427,BK00045,9
U0427,BK00018,9
U0427,BK00012,9
U0427,BK00014,10
U0427,BK00054,9
U0427,BK00019,8
U0427,BK00015,10
U0427,BK00016,8
U0427,BK00049,8
U0427,BK00044,8
U0427,BK00052,9
U0427,BK00053,9
U0427,BK00017,10
U0427,BK00013,10
U0427,BK00010,9
U0427,BK00050,9
U0427,BK00000,4
U0427,BK00033,7
U0427,BK00024,6
U0428,BK00056,10
U0428,BK00057,9
U0428,BK00058,10
U0428,BK00055,9
U0428,BK00027,7
U0428,BK00008,4
U0428,BK00064,6
U0428,BK00040,4
U0429,BK00021,8
U0429,BK00025,8
U0429,BK00024,10
U0429,BK00023,8
U0429,BK00022,10
U0429,BK00026,9
U0429,BK00020,8
U0429,BK00027,10
U0429,BK00005,7
U0430,BK00059,9
U0430,BK00064,9
U0430,BK00065,9
U0430,BK00060,10
U0430,BK00062,9
U0430,BK00061,10
U0430,BK00063,9
U0430,BK00066,8
U0430,BK00041,5
U0431,BK00021,8
U0431,BK00020,9
U0431,BK00023,9
U0431,BK00024,9
U0432,BK00017,10
U0432,BK00015,8
U0432,BK00013,10
U0432,BK00019,8
U0432,BK00010,9
U0432,BK00016,10
U0433,BK00047,10
U0433,BK00049,10
U0433,BK00043,8
U0433,BK00046,9
U0433,BK00050,10
U0433,BK00053,9
U0433,BK00052,8
U0433,BK00048,9
U0433,BK00051,10
U0433,BK00030,3
U0433,BK00039,7
U0434,BK00056,9
U0434,BK00055,9
U0434,BK00058,9
U0434,BK00057,8
U0434,BK00001,4
U0435,BK00039,9
U0435,BK00049,9
U0435,BK00052,9
U0435,BK00042,10
U0435,BK00041,8
U0435,BK00053,10
U0435,BK00050,10
U0435,BK00051,9
U0435,BK00040,9
U0435,BK00054,9
U0435,BK00016,6
U0436,BK00054,8
U0436,BK00053,10
U0436,BK00049,9
U0436,BK00044,8
U0436,BK00052,10
U0436,BK00050,9
U0436,BK00045,10
U0436,BK00051,10
U0436,BK00065,5
U0436,BK00040,7
U0437,BK00045,9
U0437,BK00006,9
U0437,BK00009,9
U0437,BK00000,9
U0437,BK00047,9
U0437,BK00007,8
U0437,BK00048,8
U0438,BK00007,10
U0438,BK00009,8
U0438,BK00005,10
U0438,BK00003,10
U0438,BK00008,10
U0438,BK00001,9
U0438,BK00006,9
U0438,BK00002,9
U0438,BK00004,9
U0438,BK00047,8
U0438,BK00023,6
U0438,BK00016,6
U0438,BK00049,3
U0438,BK00027,5
U0439,BK00015,8
U0439,BK00059,10
U0439,BK00061,8
U0439,BK00013,10
U0439,BK00019,9
U0439,BK00010,9
U0439,BK00014,9
U0439,BK00064,9
U0439,BK00062,10
U0439,BK00065,8
U0439,BK00017,10
U0439,BK00012,9
U0439,BK00011,10
U0439,BK00063,10
U0439,BK00018,8
U0439,BK00016,10
U0439,BK00060,9
U0439,BK00066,10
U0440,BK00010,9
U0440,BK00013,9
U0440,BK00048,10
U0440,BK00046,8
U0440,BK00012,8
U0440,BK00011,9
U0440,BK00015,8
U0440,BK00024,3
U0440,BK00020,3
U0440,BK00005,5
U0441,BK00042,9
U0441,BK00041,10
U0441,BK00039,10
U0441,BK00038,10
U0441,BK00040,8
U0441,BK00029,7
U0441,BK00007,7
U0441,BK00008,4
U0441,BK00020,7
U0442,BK00039,8
U0442,BK00052,10
U0442,BK00050,8
U0442,BK00053,9
U0442,BK00038,8
U0442,BK00051,9
U0442,BK00049,10
U0442,BK00054,10
U0442,BK00041,9
U0442,BK00042,10
U0442,BK00040,8
U0443,BK00058,9
U0443,BK00033,10
U0443,BK00032,9
U0443,BK00035,9
U0443,BK00030,10
U0443,BK00036,8
U0443,BK00029,9
U0443,BK00055,10
U0443,BK00034,8
U0443,BK00037,8
U0443,BK00031,9
U0443,BK00057,8
U0443,BK00028,10
U0443,BK00056,9
U0443,BK00004,5
U0444,BK00052,10
U0444,BK00051,10
U0444,BK00053,10
U0444,BK00049,9
U0444,BK00054,8
U0444,BK00050,10
U0444,BK00013,5
U0444,BK00009,5
U0444,BK00025,3
U0445,BK00044,9
U0445,BK00045,10
U0445,BK00053,5
U0446,BK00060,10
U0446,BK00051,9
U0446,BK00062,9
U0446,BK00045,8
U0446,BK00054,10
U0446,BK00053,8
U0446,BK00059,9
U0447,BK00065,9
U0447,BK00062,10
U0447,BK00059,9
U0447,BK00060,8
U0447,BK00061,8
U0447,BK00063,9
U0447,BK00064,10
U0447,BK00066,10
U0447,BK00022,6
U0448,BK00030,9
U0448,BK00033,8
U0448,BK00026,10
U0448,BK00025,9
U0448,BK00035,10
U0448,BK00027,10
U0448,BK00028,8
U0448,BK00020,10
U0448,BK00023,9
U0448,BK00034,10
U0448,BK00024,8
U0448,BK00021,8
U0448,BK00029,8
U0448,BK00022,10
U0449,BK00030,9
U0449,BK00057,9
U0449,BK00058,9
U0449,BK00029,10
U0449,BK00055,10
U0449,BK00032,10
U0449,BK00033,8
U0449,BK00031,9
U0449,BK00034,10
U0449,BK00056,8
U0449,BK00036,9
U0449,BK00035,10
U0449,BK00037,9
U0449,BK00028,9
U0449,BK00039,5
U0449,BK00000,6
U0450,BK00034,9
U0450,BK00033,9
U0450,BK00031,9
U0450,BK00036,10
U0450,BK00028,10
U0450,BK00029,10
U0450,BK00035,9
U0450,BK00030,9
U0450,BK00037,9
U0450,BK00032,8
U0450,BK00038,7
U0450,BK00066,7
U0450,BK00043,5
U0450,BK00011,7
U0451,BK00045,8
U0451,BK00044,10
U0452,BK00053,9
U0452,BK00051,8
U0452,BK00050,10
U0452,BK00052,8
U0452,BK00054,9
U0452,BK00049,9
U0453,BK00010,10
U0453,BK00003,10
U0453,BK00001,8
U0453,BK00050,9
U0453,BK00054,9
U0453,BK00011,8
U0453,BK00018,10
U0453,BK00014,9
U0453,BK00052,9
U0453,BK00019,10
U0453,BK00008,10
U0453,BK00049,10
U0453,BK00007,8
U0453,BK00029,5
U0453,BK00032,5
U0454,BK00027,10
U0454,BK00024,10
U0454,BK00040,8
U0454,BK00025,9
U0454,BK00041,10
U0454,BK00042,10
U0454,BK00045,9
U0454,BK00021,10
U0454,BK00044,9
U0454,BK00039,10
U0454,BK00023,9
U0454,BK00022,10
U0454,BK00038,10
U0454,BK00020,10
U0454,BK00055,6
U0454,BK00037,6
U0454,BK00049,3
U0454,BK00011,7
U0455,BK00044,9
U0455,BK00045,10
U0455,BK00049,7
U0456,BK00007,8
U0456,BK00038,9
U0456,BK00002,8
U0456,BK00045,9
U0456,BK00008,10
U0456,BK00003,8
U0456,BK00009,9
U0456,BK00044,10
U0457,BK00007,9
U0457,BK00005,9
U0457,BK00006,9
U0457,BK00004,8
U0457,BK00043,10
U0457,BK00048,10
U0457,BK00047,9
U0457,BK00061,3
U0457,BK00041,3
U0457,BK00018,3
U0457,BK00024,4
U0458,BK00016,9
U0458,BK00013,10
U0458,BK00060,10
U0458,BK00010,10
U0458,BK00061,8
U0458,BK00059,10
U0458,BK00057,9
U0458,BK00063,8
U0458,BK00011,9
U0458,BK00014,9
U0458,BK00066,9
U0458,BK00021,4
U0458,BK00025,7
U0458,BK00046,7
U0459,BK00051,8
U0459,BK00054,10
U0459,BK00049,10
U0459,BK00053,10
U0459,BK00050,9
U0459,BK00052,8
U0459,BK00025,5
U0459,BK00024,6
U0460,BK00059,9
U0460,BK00063,8
U0460,BK00061,9
U0460,BK00066,9
U0460,BK00062,10
U0460,BK00065,10
U0460,BK00060,9
U0460,BK00064,9
U0460,BK00056,7
U0460,BK00048,6
U0460,BK00029,7
U0461,BK00025,10
U0461,BK00027,10
U0461,BK00026,10
U0461,BK00024,10
U0461,BK00022,9
U0461,BK00021,10
U0461,BK00020,10
U0461,BK00023,10
U0461,BK00033,5
U0461,BK00004,4
U0462,BK00046,9
U0462,BK00065,8
U0462,BK00060,9
U0462,BK00059,10
U0462,BK00043,10
U0462,BK00047,8
U0462,BK00064,8
U0462,BK00048,10
U0462,BK00063,9
U0462,BK00066,8
U0462,BK00061,8
U0462,BK00062,8
U0462,BK00020,6
U0462,BK00052,5
U0462,BK00014,7
U0463,BK00021,9
U0463,BK00025,9
U0463,BK00023,9
U0463,BK00026,9
U0463,BK00027,10
U0463,BK00022,10
U0463,BK00020,9
U0463,BK00024,8
U0463,BK00039,7
U0463,BK00036,3
U0464,BK00030,9
U0464,BK00028,10
U0464,BK00033,10
U0464,BK00034,9
U0464,BK00031,9
U0464,BK00046,7
U0464,BK00065,6
U0464,BK00004,7
U0464,BK00021,5
U0465,BK00060,9
U0465,BK00066,8
U0465,BK00065,10
U0465,BK00056,10
U0465,BK00058,9
U0465,BK00063,8
U0465,BK00059,9
U0465,BK00057,9
U0465,BK00019,5
U0465,BK00006,6
U0465,BK00007,5
U0465,BK00031,3
U0466,BK00042,8
U0466,BK00039,10
U0466,BK00040,10
U0466,BK00041,9
U0466,BK00038,8
U0466,BK00003,3
U0466,BK00034,5
U0466,BK00049,6
U0466,BK00062,5
U0467,BK00046,8
U0467,BK00043,10
U0467,BK00048,10
U0467,BK00047,8
U0467,BK00031,5
U0468,BK00045,8
U0468,BK00044,10
U0468,BK00005,7
U0468,BK00013,4
U0469,BK00050,10
U0469,BK00044,9
U0469,BK00053,10
U0469,BK00052,10
U0469,BK00045,10
U0469,BK00049,9
U0469,BK00054,8
U0469,BK00051,10
U0469,BK00030,3
U0469,BK00003,7
U0469,BK00024,5
U0469,BK00057,5
U0470,BK00043,10
U0470,BK00048,10
U0470,BK00047,8
U0470,BK00046,8
U0470,BK00000,4
U0470,BK00014,3
U0470,BK00026,3
U0470,BK00051,3
U0471,BK00051,10
U0471,BK00049,10
U0471,BK00054,8
U0471,BK00050,8
U0471,BK00053,8
U0471,BK00052,9
U0471,BK00038,7
U0472,BK00050,10
U0472,BK00052,10
U0472,BK00051,8
U0472,BK00054,8
U0472,BK00053,9
U0472,BK00049,10
U0472,BK00063,7
U0472,BK00017,6
U0472,BK00020,5
U0472,BK00046,3
U0473,BK00023,9
U0473,BK00022,10
U0473,BK00025,10
U0473,BK00024,8
U0473,BK00021,8
U0473,BK00020,10
U0473,BK00027,8
U0473,BK00026,9
U0474,BK00060,10
U0474,BK00059,9
U0474,BK00063,10
U0474,BK00065,10
U0474,BK00066,8
U0474,BK00062,9
U0474,BK00064,8
U0474,BK00044,10
U0474,BK00045,9
U0474,BK00061,8
U0474,BK00002,7
U0474,BK00014,5
U0474,BK00013,5
U0475,BK00003,8
U0475,BK00029,9
U0475,BK00031,9
U0475,BK00007,8
U0475,BK00002,9
U0475,BK00037,10
U0475,BK00043,9
U0475,BK00004,9
U0475,BK00048,10
U0475,BK00008,10
U0475,BK00001,8
U0475,BK00006,10
U0475,BK00036,9
U0475,BK00032,9
U0475,BK00030,9
U0475,BK00034,9
U0475,BK00035,10
U0475,BK00018,3
U0476,BK00040,10
U0476,BK00042,8
U0476,BK00038,10
U0476,BK00039,8
U0476,BK00041,9
U0477,BK00055,9
U0477,BK00033,9
U0477,BK00056,10
U0477,BK00028,8
U0477,BK00036,9
U0477,BK00032,8
U0477,BK00029,8
U0477,BK00037,9
U0477,BK00058,10
U0477,BK00035,10
U0477,BK00057,10
U0477,BK00034,9
U0477,BK00031,8
U0477,BK00030,10
U0477,BK00014,4
U0478,BK00038,10
U0478,BK00040,10
U0478,BK00041,8
U0478,BK00042,10
U0478,BK00039,8
U0478,BK00006,4
U0478,BK00004,4
U0479,BK00060,9
U0479,BK00047,9
U0479,BK00065,8
U0479,BK00063,9
U0479,BK00061,9
U0479,BK00059,10
U0479,BK00066,8
U0479,BK00043,8
U0479,BK00064,10
U0479,BK00048,9
U0479,BK00062,9
U0479,BK00046,10
U0479,BK00018,7
U0479,BK00039,7
U0479,BK00001,5
U0480,BK00044,10
U0480,BK00045,10
U0480,BK00010,7
U0480,BK00009,7
U0480,BK00028,6
U0481,BK00007,9
U0481,BK00002,10
U0481,BK00008,10
U0481,BK00000,8
U0481,BK00055,9
U0481,BK00018,10
U0481,BK00016,10
U0481,BK00019,9
U0481,BK00017,10
U0481,BK00015,10
U0481,BK00013,9
U0481,BK00057,10
U0481,BK00006,9
U0481,BK00058,10
U0481,BK00001,9
U0481,BK00056,10
U0481,BK00011,10
U0481,BK00004,9
U0481,BK00009,10
U0481,BK00048,5
U0481,BK00043,5
U0481,BK00025,5
U0482,BK00062,10
U0482,BK00065,8
U0482,BK00014,9
U0482,BK00019,8
U0482,BK00017,9
U0482,BK00059,10
U0482,BK00013,10
U0482,BK00012,10
U0482,BK00066,10
U0482,BK00010,9
U0482,BK00061,9
U0482,BK00018,10
U0482,BK00060,10
U0482,BK00063,9
U0482,BK00015,9
U0482,BK00064,8
U0482,BK00016,9
U0482,BK00002,5
U0483,BK00005,9
U0483,BK00013,10
U0483,BK00016,10
U0483,BK00015,8
U0483,BK00002,9
U0483,BK00007,8
U0483,BK00038,7
U0483,BK00050,7
U0483,BK00028,5
U0484,BK00045,10
U0484,BK00047,10
U0484,BK00043,10
U0484,BK00044,10
U0484,BK00046,10
U0484,BK00048,9
U0484,BK00021,5
U0484,BK00003,6
U0484,BK00036,5
U0485,BK00023,9
U0485,BK00027,9
U0485,BK00024,9
U0485,BK00022,8
U0485,BK00025,9
U0486,BK00051,10
U0486,BK00053,8
U0486,BK00065,10
U0486,BK00062,10
U0486,BK00050,9
U0486,BK00052,8
U0486,BK00064,10
U0486,BK00063,8
U0486,BK00049,9
U0486,BK00059,9
U0486,BK00060,9
U0487,BK00021,9
U0487,BK00026,8
U0487,BK00045,9
U0487,BK00023,9
U0487,BK00024,10
U0487,BK00025,9
U0487,BK00054,9
U0487,BK00053,10
U0487,BK00027,10
U0487,BK00049,8
U0487,BK00044,9
U0487,BK00022,8
U0487,BK00020,10
U0487,BK00050,8
U0487,BK00052,10
U0487,BK00051,9
U0488,BK00055,9
U0488,BK00058,9
U0488,BK00057,10
U0488,BK00056,9
U0488,BK00043,6
U0489,BK00050,10
U0489,BK00054,9
U0489,BK00049,9
U0489,BK00051,8
U0489,BK00052,10
U0489,BK00053,9
U0489,BK00004,7
U0489,BK00031,6
U0489,BK00035,7
U0490,BK00046,10
U0490,BK00048,10
U0490,BK00043,9
U0490,BK00047,10
U0490,BK00031,6
U0490,BK00054,5
U0490,BK00040,3
U0491,BK00016,9
U0491,BK00017,10
U0491,BK00015,9
U0491,BK00011,10
U0491,BK00018,10
U0491,BK00013,10
U0491,BK00010,10
U0491,BK00014,9
U0491,BK00019,8
U0491,BK00012,9
U0492,BK00055,8
U0492,BK00032,9
U0492,BK00029,10
U0492,BK00028,10
U0492,BK00035,9
U0492,BK00030,10
U0492,BK00036,9
U0492,BK00031,10
U0492,BK00058,9
U0492,BK00033,8
U0492,BK00034,10
U0492,BK00056,10
U0492,BK00037,9
U0492,BK00057,9
U0492,BK00060,7
U0492,BK00014,7
U0492,BK00021,3
U0493,BK00045,10
U0493,BK00044,9
U0493,BK00008,4
U0493,BK00006,7
U0493,BK00026,6
U0493,BK00048,4
U0494,BK00026,9
U0494,BK00023,9
U0494,BK00043,9
U0494,BK00047,8
U0494,BK00020,9
U0494,BK00027,9
U0494,BK00048,8
U0494,BK00024,9
U0494,BK00025,8
U0494,BK00022,10
U0494,BK00021,10
U0494,BK00046,9
U0495,BK00065,10
U0495,BK00062,9
U0495,BK00010,10
U0495,BK00064,9
U0495,BK00060,9
U0495,BK00018,10
U0495,BK00009,7
U0495,BK00006,3
U0495,BK00057,5
U0495,BK00044,5
U0496,BK00018,10
U0496,BK00015,10
U0496,BK00012,9
U0496,BK00037,10
U0496,BK00013,8
U0496,BK00029,10
U0496,BK00031,9
U0496,BK00034,10
U0496,BK00036,8
U0496,BK00032,10
U0496,BK00035,9
U0496,BK00010,10
U0496,BK00052,5
U0496,BK00025,6
U0496,BK00046,7
U0496,BK00001,3
U0497,BK00046,9
U0497,BK00024,10
U0497,BK00047,10
U0497,BK00048,10
U0497,BK00023,10
U0497,BK00020,10
U0497,BK00005,4
U0498,BK00052,9
U0498,BK00051,9
U0498,BK00053,10
U0498,BK00049,10
U0498,BK00054,10
U0498,BK00050,10
U0498,BK00038,5
U0498,BK00026,4
U0498,BK00061,5
U0498,BK00000,6
U0499,BK00056,9
U0499,BK00061,10
U0499,BK00066,8
U0499,BK00065,9
U0499,BK00057,9
U0499,BK00063,10
U0500,BK00007,10
U0500,BK00002,9
U0500,BK00009,9
U0500,BK00001,10
U0500,BK00005,9
U0500,BK00004,10
U0500,BK00003,9
U0500,BK00006,10
U0500,BK00000,9
U0500,BK00008,9
U0501,BK00032,9
U0501,BK00033,10
U0501,BK00028,8
U0501,BK00031,8
U0501,BK00034,9
U0501,BK00058,9
U0501,BK00029,9
U0501,BK00036,8
U0501,BK00030,10
U0501,BK00056,10
U0501,BK00035,9
U0501,BK00057,8
U0501,BK00037,8
U0501,BK00055,10
U0501,BK00026,6
U0501,BK00011,7
U0502,BK00018,10
U0502,BK00013,9
U0502,BK00015,10
U0502,BK00017,10
U0502,BK00010,9
U0502,BK00011,8
U0502,BK00012,10
U0502,BK00014,9
U0502,BK00019,8
U0502,BK00016,9
U0502,BK00049,5
U0502,BK00059,4
U0503,BK00018,8
U0503,BK00014,9
U0503,BK00012,9
U0503,BK00011,8
U0503,BK00019,10
U0503,BK00016,9
U0503,BK00015,9
U0503,BK00063,9
U0503,BK00052,6
U0503,BK00040,3
U0503,BK00023,5
U0503,BK00020,3
U0504,BK00027,10
U0504,BK00023,9
U0504,BK00025,9
U0504,BK00026,10
U0504,BK00022,9
U0504,BK00021,10
U0504,BK00020,8
U0504,BK00024,10
U0504,BK00033,4
U0504,BK00032,4
U0504,BK00057,5
U0504,BK00053,4
U0505,BK00049,9
U0505,BK00056,10
U0505,BK00051,9
U0505,BK00050,9
U0505,BK00057,8
U0505,BK00053,9
U0505,BK00055,10
U0505,BK00054,9
U0505,BK00052,10
U0505,BK00058,9
U0505,BK00013,3
U0505,BK00039,7
U0505,BK00035,5
U0506,BK00018,10
U0506,BK00010,8
U0506,BK00019,10
U0506,BK00014,10
U0506,BK00047,10
U0506,BK00043,10
U0506,BK00017,9
U0506,BK00013,10
U0506,BK00046,10
U0506,BK00012,8
U0506,BK00048,8
U0506,BK00016,9
U0507,BK00061,9
U0507,BK00065,8
U0507,BK00060,10
U0507,BK00059,9
U0507,BK00062,9
U0507,BK00063,10
U0507,BK00066,8
U0507,BK00064,9
U0508,BK00020,8
U0508,BK00047,9
U0508,BK00026,10
U0508,BK00046,9
U0508,BK00048,10
U0508,BK00027,10
U0508,BK00021,9
U0508,BK00024,8
U0508,BK00025,9
U0508,BK00022,9
U0508,BK00023,10
U0508,BK00043,9
U0508,BK00036,3
U0509,BK00018,9
U0509,BK00050,9
U0509,BK00019,9
U0509,BK00017,9
U0509,BK00051,9
U0509,BK00016,8
U0509,BK00015,10
U0509,BK00054,9
U0509,BK00049,9
U0509,BK00010,9
U0509,BK00014,9
U0509,BK00011,10
U0509,BK00012,9
U0509,BK00013,10
U0509,BK00052,9
U0509,BK00053,9
U0510,BK00036,10
U0510,BK00024,10
U0510,BK00027,9
U0510,BK00029,10
U0510,BK00035,10
U0510,BK00033,9
U0510,BK00037,10
U0510,BK00022,9
U0510,BK00020,9
U0510,BK00025,9
U0510,BK00023,9
U0510,BK00034,10
U0510,BK00021,10
U0510,BK00002,5
U0511,BK00057,8
U0511,BK00055,10
U0511,BK00056,9
U0511,BK00058,10
U0512,BK00051,9
U0512,BK00054,8
U0512,BK00052,9
U0512,BK00053,10
U0512,BK00049,10
U0512,BK00050,9
U0513,BK00019,10
U0513,BK00015,9
U0513,BK00024,10
U0513,BK00018,10
U0513,BK00012,9
U0513,BK00022,8
U0513,BK00010,9
U0513,BK00017,10
U0513,BK00027,8
U0513,BK00020,10
U0513,BK00016,10
U0513,BK00026,9
U0513,BK00013,10
U0513,BK00025,10
U0513,BK00011,10
U0513,BK00064,3
U0513,BK00041,4
U0514,BK00024,10
U0514,BK00037,9
U0514,BK00040,8
U0514,BK00021,10
U0514,BK00022,9
U0514,BK00039,9
U0514,BK00036,8
U0514,BK00041,10
U0514,BK00027,10
U0514,BK00026,10
U0514,BK00033,9
U0514,BK00029,10
U0514,BK00020,10
U0514,BK00042,10
U0514,BK00023,9
U0514,BK00032,8
U0514,BK00030,10
U0514,BK00028,9
U0514,BK00035,9
U0514,BK00034,9
U0514,BK00031,10
U0514,BK00025,9
U0514,BK00005,5
U0514,BK00015,6
U0514,BK00009,7
U0515,BK00013,9
U0515,BK00016,9
U0515,BK00017,10
U0515,BK00015,9
U0515,BK00055,8
U0515,BK00058,9
U0515,BK00057,9
U0515,BK00012,10
U0515,BK00056,8
U0515,BK00019,9
U0515,BK00010,10
U0515,BK00011,9
U0515,BK00018,10
U0515,BK00014,9
U0516,BK00038,8
U0516,BK00040,10
U0516,BK00041,8
U0516,BK00039,9
U0516,BK00045,9
U0516,BK00042,9
U0516,BK00044,10
U0516,BK00058,7
U0516,BK00005,6
U0516,BK00022,6
U0517,BK00052,9
U0517,BK00049,10
U0517,BK00051,9
U0517,BK00050,10
U0517,BK00054,9
U0517,BK00053,8
U0517,BK00057,4
U0517,BK00064,6
U0517,BK00028,7
U0517,BK00032,6
U0518,BK00025,10
U0518,BK00027,10
U0518,BK00024,10
U0518,BK00022,8
U0518,BK00040,6
U0519,BK00014,10
U0519,BK00011,8
U0519,BK00001,9
U0519,BK00018,8
U0519,BK00008,10
U0519,BK00006,10
U0519,BK00005,9
U0519,BK00010,9
U0519,BK00004,8
U0519,BK00000,10
U0519,BK00015,8
U0519,BK00016,9
U0519,BK00002,9
U0519,BK00007,10
U0519,BK00019,10
U0519,BK00003,9
U0519,BK00012,9
U0519,BK00017,10
U0519,BK00013,10
U0519,BK00060,4
U0519,BK00022,7
U0520,BK00005,8
U0520,BK00050,10
U0520,BK00053,8
U0520,BK00013,9
U0520,BK00014,10
U0520,BK00052,9
U0520,BK00006,9
U0520,BK00010,10
U0520,BK00051,10
U0520,BK00004,10
U0520,BK00003,9
U0520,BK00000,8
U0520,BK00008,9
U0520,BK00049,10
U0520,BK00036,6
U0521,BK00044,9
U0521,BK00045,8
U0521,BK00005,6
U0521,BK00053,4
U0521,BK00023,3
U0521,BK00036,6
U0522,BK00041,9
U0522,BK00040,9
U0522,BK00038,8
U0522,BK00042,10
U0522,BK00039,9
U0523,BK00044,9
U0523,BK00045,10
U0523,BK00043,9
U0523,BK00049,10
U0523,BK00054,8
U0523,BK00051,10
U0523,BK00048,8
U0523,BK00047,10
U0523,BK00052,10
U0523,BK00046,9
U0523,BK00050,8
U0523,BK00053,9
U0523,BK00034,7
U0524,BK00061,10
U0524,BK00064,9
U0524,BK00066,10
U0524,BK00038,10
U0524,BK00040,8
U0524,BK00062,8
U0524,BK00042,10
U0524,BK00065,9
U0524,BK00060,9
U0524,BK00041,8
U0524,BK00039,10
U0524,BK00063,9
U0524,BK00059,9
U0524,BK00052,4
U0524,BK00031,6
U0524,BK00015,7
U0524,BK00024,6
U0525,BK00033,9
U0525,BK00045,8
U0525,BK00029,10
U0525,BK00044,9
U0525,BK00034,10
U0525,BK00037,9
U0525,BK00031,8
U0525,BK00036,10
U0525,BK00032,10
U0525,BK00035,10
U0525,BK00030,10
U0525,BK00028,10
U0525,BK00025,4
U0526,BK00061,9
U0526,BK00063,10
U0526,BK00065,10
U0526,BK00064,8
U0526,BK00059,9
U0526,BK00066,8
U0526,BK00060,10
U0526,BK00062,10
U0526,BK00039,7
U0526,BK00015,7
U0527,BK00025,8
U0527,BK00027,8
U0527,BK00021,9
U0527,BK00026,10
U0527,BK00023,10
U0527,BK00022,10
U0527,BK00020,9
U0527,BK00024,10
U0527,BK00018,6
U0528,BK00021,8
U0528,BK00026,10
U0528,BK00024,10
U0528,BK00022,10
U0528,BK00027,10
U0528,BK00020,8
U0528,BK00023,10
U0528,BK00025,9
U0529,BK00001,9
U0529,BK00011,10
U0529,BK00019,9
U0529,BK00057,9
U0529,BK00008,8
U0529,BK00056,9
U0529,BK00006,8
U0529,BK00002,10
U0529,BK00000,10
U0529,BK00016,9
U0529,BK00003,9
U0529,BK00005,9
U0529,BK00058,9
U0529,BK00012,10
U0529,BK00014,9
U0529,BK00004,10
U0529,BK00055,9
U0529,BK00017,10
U0529,BK00066,5
U0529,BK00041,7
U0529,BK00029,3
U0530,BK00024,9
U0530,BK00020,10
U0530,BK00021,10
U0530,BK00022,9
U0530,BK00027,9
U0530,BK00023,9
U0530,BK00025,9
U0530,BK00026,10
U0530,BK00046,5
U0531,BK00036,8
U0531,BK00041,9
U0531,BK00032,9
U0531,BK00042,10
U0531,BK00052,7
U0532,BK00024,8
U0532,BK00051,9
U0532,BK00023,9
U0532,BK00022,9
U0532,BK00054,9
U0532,BK00027,9
U0532,BK00025,9
U0532,BK00052,9
U0532,BK00020,10
U0532,BK00050,8
U0532,BK00021,9
U0532,BK00049,9
U0532,BK00053,10
U0532,BK00026,10
U0533,BK00056,10
U0533,BK00035,10
U0533,BK00001,9
U0533,BK00057,9
U0533,BK00003,9
U0533,BK00055,9
U0533,BK00030,9
U0533,BK00002,9
U0533,BK00008,10
U0533,BK00029,9
U0533,BK00054,3
U0533,BK00015,7
U0533,BK00013,5
U0533,BK00045,7
U0534,BK00014,10
U0534,BK00034,10
U0534,BK00019,10
U0534,BK00011,8
U0534,BK00016,10
U0534,BK00013,8
U0534,BK00057,5
U0535,BK00029,8
U0535,BK00035,10
U0535,BK00037,9
U0535,BK00031,10
U0535,BK00036,10
U0535,BK00028,10
U0535,BK00033,8
U0535,BK00030,9
U0535,BK00034,10
U0535,BK00032,10
U0535,BK00000,5
U0535,BK00044,6
U0535,BK00027,4
U0535,BK00065,5
U0536,BK00053,9
U0536,BK00041,10
U0536,BK00057,10
U0536,BK00052,10
U0536,BK00054,9
U0536,BK00042,9
U0536,BK00040,8
U0536,BK00058,10
U0536,BK00038,9
U0536,BK00039,8
U0536,BK00049,10
U0536,BK00050,9
U0536,BK00055,10
U0537,BK00031,9
U0537,BK00037,10
U0537,BK00032,9
U0537,BK00035,10
U0537,BK00030,9
U0537,BK00033,9
U0537,BK00036,9
U0538,BK00044,9
U0538,BK00045,9
U0538,BK00062,5
U0538,BK00055,6
U0539,BK00021,9
U0539,BK00027,10
U0539,BK00026,9
U0539,BK00023,8
U0539,BK00020,9
U0539,BK00048,9
U0539,BK00024,9
U0539,BK00022,9
U0539,BK00025,9
U0539,BK00043,8
U0539,BK00046,9
U0539,BK00047,10
U0539,BK00030,6
U0539,BK00053,5
U0539,BK00063,7
U0540,BK00031,10
U0540,BK00030,10
U0540,BK00035,10
U0540,BK00033,8
U0540,BK00059,8
U0540,BK00064,8
U0540,BK00049,9
U0540,BK00029,9
U0540,BK00061,10
U0540,BK00060,9
U0540,BK00063,10
U0540,BK00052,9
U0540,BK00017,3
U0541,BK00015,9
U0541,BK00024,8
U0541,BK00018,9
U0541,BK00011,8
U0541,BK00017,9
U0541,BK00016,9
U0541,BK00023,10
U0541,BK00010,9
U0541,BK00021,9
U0541,BK00027,9
U0541,BK00013,10
U0541,BK00022,9
U0541,BK00019,10
U0541,BK00025,9
U0541,BK00053,5
U0541,BK00051,4
U0542,BK00039,8
U0542,BK00005,10
U0542,BK00001,9
U0542,BK00007,10
U0542,BK00006,10
U0542,BK00002,9
U0542,BK00038,10
U0542,BK00003,9
U0542,BK00033,3
U0542,BK00011,3
U0542,BK00051,7
U0542,BK00037,3
U0543,BK00012,9
U0543,BK00024,8
U0543,BK00020,10
U0543,BK00016,10
U0543,BK00027,8
U0543,BK00058,8
U0543,BK00018,9
U0543,BK00017,9
U0543,BK00025,10
U0543,BK00056,9
U0543,BK00023,9
U0543,BK00055,9
U0543,BK00015,10
U0543,BK00011,9
U0543,BK00057,10
U0543,BK00019,10
U0543,BK00014,9
U0543,BK00022,10
U0543,BK00013,9
U0543,BK00026,10
U0543,BK00001,4
U0543,BK00043,4
U0543,BK00054,4
U0544,BK00038,9
U0544,BK00042,9
U0544,BK00040,9
U0544,BK00041,9
U0544,BK00039,9
U0544,BK00022,4
U0544,BK00066,6
U0544,BK00004,5
U0544,BK00020,4
U0545,BK00046,10
U0545,BK00048,9
U0545,BK00043,10
U0545,BK00047,8
U0546,BK00052,9
U0546,BK00044,8
U0546,BK00045,10
U0546,BK00053,10
U0546,BK00049,9
U0546,BK00054,9
U0546,BK00051,10
U0546,BK00050,9
U0546,BK00056,4
U0547,BK00058,8
U0547,BK00056,10
U0547,BK00055,10
U0547,BK00057,10
U0548,BK00047,8
U0548,BK00043,10
U0548,BK00046,10
U0548,BK00048,8
U0548,BK00045,5
U0549,BK00005,10
U0549,BK00000,9
U0549,BK00004,10
U0549,BK00008,9
U0549,BK00002,9
U0549,BK00023,10
U0549,BK00021,9
U0549,BK00007,9
U0549,BK00026,9
U0549,BK00009,8
U0549,BK00003,9
U0549,BK00041,3
U0549,BK00057,6
U0550,BK00040,9
U0550,BK00042,8
U0550,BK00041,10
U0550,BK00039,8
U0550,BK00038,9
U0551,BK00057,10
U0551,BK00009,9
U0551,BK00056,10
U0551,BK00008,8
U0551,BK00002,9
U0551,BK00058,10
U0551,BK00001,10
U0551,BK00000,9
U0551,BK00055,9
U0551,BK00007,9
U0551,BK00006,10
U0551,BK00004,9
U0551,BK00003,10
U0551,BK00005,8
U0551,BK00039,6
U0551,BK00036,6
U0551,BK00046,7
U0552,BK00022,8
U0552,BK00026,9
U0552,BK00021,9
U0552,BK00025,9
U0552,BK00020,9
U0552,BK00027,9
U0552,BK00023,9
U0552,BK00024,10
U0552,BK00064,7
U0552,BK00044,7
U0553,BK00020,10
U0553,BK00041,10
U0553,BK00063,9
U0553,BK00060,9
U0553,BK00042,10
U0553,BK00024,10
U0553,BK00023,10
U0553,BK00062,9
U0553,BK00061,10
U0553,BK00059,10
U0553,BK00021,9
U0553,BK00026,10
U0553,BK00027,10
U0553,BK00040,8
U0553,BK00028,5
U0553,BK00000,7
U0553,BK00049,5
U0554,BK00042,8
U0554,BK00027,8
U0554,BK00038,10
U0554,BK00041,9
U0554,BK00021,9
U0554,BK00025,9
U0554,BK00026,9
U0554,BK00024,10
U0554,BK00022,10
U0554,BK00020,10
U0554,BK00040,8
U0554,BK00039,10
U0554,BK00023,9
U0554,BK00008,6
U0554,BK00006,7
U0554,BK00014,4
U0554,BK00037,4
U0555,BK00005,9
U0555,BK00008,10
U0555,BK00002,9
U0555,BK00004,9
U0555,BK00006,10
U0555,BK00009,10
U0555,BK00000,10
U0555,BK00007,9
U0555,BK00001,9
U0555,BK00003,8
U0555,BK00020,6
U0555,BK00033,5
U0555,BK00016,6
U0555,BK00053,7
U0556,BK00051,9
U0556,BK00064,9
U0556,BK00053,10
U0556,BK00049,9
U0556,BK00050,10
U0556,BK00065,10
U0556,BK00061,10
U0556,BK00062,9
U0556,BK00054,9
U0556,BK00060,9
U0556,BK00063,8
U0556,BK00052,9
U0556,BK00059,9
U0556,BK00066,9
U0556,BK00030,6
U0557,BK00062,10
U0557,BK00066,9
U0557,BK00060,10
U0557,BK00061,9
U0557,BK00063,8
U0557,BK00059,10
U0557,BK00065,10
U0557,BK00064,10
U0557,BK00006,4
U0557,BK00049,3
U0557,BK00040,5
U0557,BK00038,5
U0558,BK00044,9
U0558,BK00045,10
U0558,BK00021,3
U0558,BK00064,3
U0558,BK00037,7
U0559,BK00037,10
U0559,BK00046,9
U0559,BK00048,10
U0559,BK00032,10
U0559,BK00051,9
U0559,BK00049,8
U0559,BK00028,10
U0559,BK00034,10
U0559,BK00050,10
U0559,BK00029,10
U0559,BK00030,10
U0559,BK00054,10
U0559,BK00036,10
U0559,BK00043,10
U0559,BK00033,8
U0559,BK00031,10
U0559,BK00052,8
U0559,BK00057,7
U0560,BK00060,10
U0560,BK00065,10
U0560,BK00066,10
U0560,BK00061,10
U0560,BK00062,8
U0560,BK00064,10
U0560,BK00059,10
U0560,BK00041,3
U0560,BK00050,4
U0561,BK00001,10
U0561,BK00005,8
U0561,BK00020,9
U0561,BK00006,10
U0561,BK00000,9
U0561,BK00003,9
U0561,BK00008,9
U0561,BK00033,7
U0561,BK00035,7
U0562,BK00046,8
U0562,BK00044,10
U0562,BK00043,9
U0562,BK00045,10
U0562,BK00047,10
U0562,BK00048,9
U0562,BK00006,6
U0562,BK00064,4
U0563,BK00046,8
U0563,BK00054,9
U0563,BK00051,8
U0563,BK00050,8
U0563,BK00048,10
U0563,BK00049,10
U0563,BK00053,9
U0563,BK00052,9
U0563,BK00043,9
U0563,BK00047,10
U0563,BK00034,5
U0563,BK00011,6
U0563,BK00025,4
U0563,BK00039,6
U0564,BK00038,9
U0564,BK00040,9
U0564,BK00042,8
U0564,BK00039,10
U0564,BK00041,9
U0564,BK00035,4
U0565,BK00031,10
U0565,BK00030,10
U0565,BK00028,10
U0565,BK00036,10
U0565,BK00029,9
U0565,BK00035,9
U0565,BK00037,9
U0565,BK00033,10
U0565,BK00034,9
U0565,BK00032,9
U0565,BK00011,4
U0565,BK00064,5
U0565,BK00043,7
U0566,BK00017,10
U0566,BK00014,9
U0566,BK00013,10
U0566,BK00024,9
U0566,BK00022,10
U0566,BK00018,8
U0566,BK00021,10
U0566,BK00027,10
U0566,BK00023,10
U0566,BK00015,10
U0566,BK00011,10
U0566,BK00016,10
U0566,BK00026,8
U0566,BK00020,9
U0566,BK00063,3
U0566,BK00062,7
U0567,BK00003,10
U0567,BK00007,9
U0567,BK00057,10
U0567,BK00056,9
U0567,BK00001,9
U0567,BK00006,9
U0567,BK00000,10
U0567,BK00009,10
U0567,BK00008,10
U0567,BK00055,9
U0567,BK00058,10
U0567,BK00004,10
U0567,BK00002,9
U0567,BK00005,8
U0567,BK00052,7
U0568,BK00043,9
U0568,BK00048,9
U0568,BK00047,10
U0568,BK00046,9
U0568,BK00050,4
U0569,BK00051,9
U0569,BK00049,9
U0569,BK00053,8
U0569,BK00050,9
U0569,BK00054,9
U0569,BK00052,9
U0569,BK00046,6
U0569,BK00030,5
U0569,BK00008,6
U0570,BK00026,8
U0570,BK00021,10
U0570,BK00027,8
U0570,BK00022,9
U0570,BK00020,8
U0570,BK00025,9
U0570,BK00024,8
U0570,BK00023,10
U0570,BK00016,3
U0570,BK00001,3
U0570,BK00064,5
U0570,BK00048,6
U0571,BK00002,9
U0571,BK00003,10
U0571,BK00043,9
U0571,BK00009,10
U0571,BK00007,9
U0571,BK00048,10
U0571,BK00023,4
U0571,BK00032,7
U0571,BK00016,4
U0571,BK00057,6
U0572,BK00060,10
U0572,BK00065,10
U0572,BK00061,9
U0572,BK00064,8
U0572,BK00059,10
U0572,BK00043,4
U0572,BK00011,7
U0573,BK00066,9
U0573,BK00064,9
U0573,BK00063,10
U0573,BK00062,9
U0573,BK00065,10
U0573,BK00059,8
U0573,BK00061,9
U0573,BK00060,8
U0573,BK00023,6
U0574,BK00061,10
U0574,BK00063,8
U0574,BK00065,10
U0574,BK00062,8
U0574,BK00066,9
U0574,BK00057,10
U0574,BK00016,10
U0574,BK00014,10
U0574,BK00015,10
U0574,BK00012,9
U0574,BK00017,10
U0574,BK00013,9
U0574,BK00059,8
U0574,BK00060,10
U0574,BK00037,3
U0574,BK00034,4
U0574,BK00005,3
U0575,BK00057,10
U0575,BK00064,10
U0575,BK00059,10
U0575,BK00055,9
U0575,BK00056,10
U0575,BK00066,9
U0575,BK00061,8
U0575,BK00062,9
U0575,BK00060,8
U0575,BK00034,6
U0575,BK00003,4
U0576,BK00046,10
U0576,BK00048,9
U0576,BK00043,8
U0576,BK00047,9
U0577,BK00030,9
U0577,BK00034,9
U0577,BK00031,9
U0577,BK00037,10
U0577,BK00035,8
U0577,BK00028,10
U0577,BK00029,10
U0577,BK00032,10
U0577,BK00036,9
U0577,BK00033,9
U0577,BK00053,6
U0577,BK00048,5
U0577,BK00055,7
U0578,BK00045,8
U0578,BK00044,8
U0578,BK00009,4
U0579,BK00020,10
U0579,BK00015,10
U0579,BK00018,9
U0579,BK00027,9
U0579,BK00021,10
U0579,BK00023,8
U0579,BK00016,10
U0579,BK00014,10
U0579,BK00025,8
U0579,BK00024,8
U0579,BK00019,9
U0579,BK00022,8
U0579,BK00017,10
U0579,BK00012,9
U0579,BK00010,8
U0579,BK00013,8
U0579,BK00011,9
U0579,BK00026,10
U0580,BK00046,10
U0580,BK00026,8
U0580,BK00051,9
U0580,BK00022,9
U0580,BK00048,9
U0580,BK00021,9
U0580,BK00050,10
U0580,BK00043,8
U0580,BK00054,10
U0580,BK00020,8
U0580,BK00047,9
U0580,BK00052,10
U0580,BK00025,10
U0580,BK00027,9
U0580,BK00024,10
U0580,BK00049,9
U0580,BK00053,9
U0580,BK00023,10
U0580,BK00032,5
U0580,BK00009,3
U0580,BK00018,3
U0581,BK00044,9
U0581,BK00045,8
U0581,BK00049,4
U0581,BK00004,3
U0582,BK00003,10
U0582,BK00007,10
U0582,BK00001,9
U0582,BK00009,9
U0582,BK00008,10
U0582,BK00064,10
U0582,BK00000,9
U0582,BK00059,10
U0582,BK00065,10
U0582,BK00006,9
U0582,BK00004,9
U0582,BK00005,9
U0582,BK00063,9
U0582,BK00066,9
U0582,BK00062,10
U0582,BK00002,9
U0582,BK00053,4
U0583,BK00002,10
U0583,BK00000,9
U0583,BK00007,9
U0583,BK00006,9
U0583,BK00003,10
U0583,BK00009,9
U0583,BK00001,10
U0583,BK00045,9
U0583,BK00005,9
U0583,BK00008,9
U0583,BK00004,9
U0583,BK00044,10
U0583,BK00058,4
U0583,BK00038,7
U0583,BK00034,5
U0584,BK00045,10
U0584,BK00057,10
U0584,BK00056,9
U0584,BK00058,10
U0584,BK00055,10
U0584,BK00044,8
U0585,BK00036,10
U0585,BK00030,9
U0585,BK00034,10
U0585,BK00032,10
U0585,BK00031,9
U0585,BK00029,9
U0585,BK00033,10
U0585,BK00028,9
U0585,BK00037,10
U0585,BK00035,9
U0585,BK00052,4
U0585,BK00011,6
U0585,BK00017,5
U0585,BK00057,7
U0586,BK00057,9
U0586,BK00055,9
U0586,BK00018,9
U0586,BK00056,8
U0586,BK00006,9
U0586,BK00019,10
U0586,BK00042,5
U0586,BK00032,7
U0587,BK00053,10
U0587,BK00048,10
U0587,BK00050,10
U0587,BK00043,9
U0587,BK00047,10
U0587,BK00046,10
U0587,BK00054,10
U0587,BK00049,9
U0587,BK00052,9
U0588,BK00021,8
U0588,BK00026,10
U0588,BK00020,9
U0588,BK00027,10
U0588,BK00023,10
U0588,BK00024,10
U0588,BK00022,9
U0588,BK00025,10
U0588,BK00057,3
U0589,BK00060,8
U0589,BK00064,9
U0589,BK00048,10
U0589,BK00061,10
U0589,BK00043,8
U0589,BK00063,10
U0589,BK00066,10
U0589,BK00062,10
U0589,BK00046,9
U0589,BK00059,9
U0589,BK00047,9
U0589,BK00065,9
U0589,BK00049,7
U0589,BK00054,5
U0590,BK00001,10
U0590,BK00007,8
U0590,BK00009,9
U0590,BK00008,10
U0590,BK00053,8
U0590,BK00006,10
U0590,BK00005,8
U0590,BK00000,9
U0590,BK00004,10
U0590,BK00062,4
U0590,BK00015,6
U0590,BK00031,6
U0591,BK00005,10
U0591,BK00042,8
U0591,BK00040,9
U0591,BK00008,10
U0591,BK00006,8
U0591,BK00038,8
U0591,BK00041,9
U0591,BK00002,8
U0591,BK00007,9
U0591,BK00039,8
U0591,BK00009,9
U0591,BK00001,9
U0591,BK00003,8
U0591,BK00004,9
U0591,BK00000,10
U0592,BK00010,10
U0592,BK00019,9
U0592,BK00015,8
U0592,BK00016,10
U0592,BK00014,8
U0592,BK00018,8
U0592,BK00044,4
U0593,BK00011,9
U0593,BK00019,10
U0593,BK00010,9
U0593,BK00013,10
U0593,BK00015,10
U0593,BK00018,9
U0593,BK00014,10
U0593,BK00017,9
U0593,BK00012,10
U0593,BK00030,3
U0593,BK00050,6
U0593,BK00043,4
U0594,BK00008,10
U0594,BK00004,10
U0594,BK00017,9
U0594,BK00018,10
U0594,BK00006,10
U0594,BK00022,10
U0594,BK00003,9
U0594,BK00002,9
U0594,BK00023,10
U0594,BK00005,9
U0594,BK00042,5
U0594,BK00038,4
U0595,BK00002,10
U0595,BK00001,8
U0595,BK00058,8
U0595,BK00055,9
U0595,BK00005,10
U0595,BK00039,9
U0595,BK00000,10
U0595,BK00009,8
U0595,BK00006,10
U0596,BK00052,10
U0596,BK00050,9
U0596,BK00054,10
U0596,BK00047,10
U0596,BK00048,10
U0596,BK00051,10
U0596,BK00046,9
U0596,BK00043,9
U0596,BK00049,10
U0596,BK00053,10
U0596,BK00026,3
U0596,BK00029,4
U0597,BK00023,8
U0597,BK00044,10
U0597,BK00024,10
U0597,BK00025,9
U0597,BK00027,9
U0597,BK00045,9
U0597,BK00022,9
U0597,BK00020,8
U0597,BK00026,10
U0597,BK00021,10
U0598,BK00040,9
U0598,BK00039,10
U0598,BK00038,8
U0598,BK00041,9
U0598,BK00042,8
U0598,BK00027,3
U0598,BK00065,5
U0598,BK00059,6
U0599,BK00030,10
U0599,BK00021,10
U0599,BK00028,8
U0599,BK00037,8
U0599,BK00038,10
U0599,BK00024,9
U0599,BK00020,10
U0599,BK00025,9
U0599,BK00034,9
U0599,BK00042,9
U0599,BK00029,9
U0599,BK00032,9
U0599,BK00036,10
U0599,BK00026,9
U0599,BK00039,10
U0599,BK00040,9
U0599,BK00035,10
U0599,BK00022,9
U0599,BK00031,9
U0599,BK00027,9
U0599,BK00048,5
U0600,BK00055,9
U0600,BK00064,9
U0600,BK00028,8
U0600,BK00059,10
U0600,BK00065,9
U0600,BK00031,9
U0600,BK00061,8
U0600,BK00057,9
U0600,BK00030,9
U0600,BK00037,10
U0600,BK00033,10
U0600,BK00029,10
U0600,BK00036,9
U0600,BK00035,9
U0600,BK00063,9
U0600,BK00032,10
U0600,BK00060,9
U0600,BK00062,10
U0600,BK00056,10
U0600,BK00024,4
U0600,BK00012,4
U0600,BK00017,7
U0601,BK00001,8
U0601,BK00009,8
U0601,BK00019,10
U0601,BK00017,8
U0601,BK00040,9
U0601,BK00041,10
U0601,BK00010,9
U0601,BK00007,10
U0601,BK00018,10
U0601,BK00016,10
U0601,BK00043,4
U0602,BK00014,9
U0602,BK00047,9
U0602,BK00043,9
U0602,BK00019,10
U0602,BK00048,10
U0602,BK00051,8
U0602,BK00015,10
U0602,BK00016,9
U0602,BK00054,10
U0602,BK00049,9
U0602,BK00050,9
U0602,BK00010,10
U0602,BK00055,3
U0602,BK00040,5
U0603,BK00060,10
U0603,BK00063,10
U0603,BK00007,10
U0603,BK00009,8
U0603,BK00006,10
U0603,BK00061,10
U0603,BK00004,10
U0603,BK00005,9
U0603,BK00000,10
U0603,BK00003,8
U0603,BK00062,9
U0603,BK00059,10
U0603,BK00001,9
U0603,BK00064,8
U0603,BK00008,9
U0603,BK00065,9
U0603,BK00002,9
U0603,BK00066,8
U0604,BK00001,8
U0604,BK00037,9
U0604,BK00007,9
U0604,BK00034,10
U0604,BK00035,10
U0604,BK00004,8
U0604,BK00032,9
U0604,BK00065,8
U0604,BK00059,10
U0604,BK00029,9
U0604,BK00061,10
U0604,BK00066,9
U0604,BK00000,10
U0604,BK00008,9
U0604,BK00030,9
U0604,BK00031,10
U0604,BK00033,8
U0604,BK00064,10
U0604,BK00006,9
U0604,BK00014,5
U0604,BK00012,7
U0604,BK00022,5
U0604,BK00057,7
U0605,BK00030,9
U0605,BK00026,9
U0605,BK00037,8
U0605,BK00034,8
U0605,BK00024,10
U0605,BK00036,8
U0605,BK00021,9
U0605,BK00035,9
U0605,BK00033,10
U0605,BK00027,9
U0605,BK00020,9
U0605,BK00023,10
U0605,BK00059,5
U0605,BK00060,5
U0605,BK00050,6
U0605,BK00043,3
U0606,BK00062,10
U0606,BK00063,9
U0606,BK00059,10
U0606,BK00061,10
U0606,BK00064,10
U0606,BK00066,9
U0606,BK00065,10
U0606,BK00060,10
U0606,BK00031,7
U0607,BK00038,10
U0607,BK00019,9
U0607,BK00014,8
U0607,BK00039,8
U0607,BK00018,9
U0607,BK00031,9
U0607,BK00015,9
U0607,BK00053,6
U0607,BK00049,5
U0608,BK00038,10
U0608,BK00040,9
U0608,BK00042,8
U0608,BK00041,8
U0608,BK00039,10
U0608,BK00016,4
U0609,BK00013,9
U0609,BK00017,9
U0609,BK00014,8
U0609,BK00012,10
U0609,BK00010,10
U0609,BK00018,8
U0609,BK00004,3
U0609,BK00056,6
U0609,BK00054,6
U0610,BK00027,10
U0610,BK00044,9
U0610,BK00045,9
U0610,BK00024,8
U0610,BK00055,5
U0610,BK00018,4
U0611,BK00054,8
U0611,BK00049,9
U0611,BK00052,9
U0611,BK00051,8
U0611,BK00056,7
U0611,BK00014,5
U0611,BK00047,6
U0612,BK00026,9
U0612,BK00021,10
U0612,BK00024,10
U0612,BK00025,10
U0612,BK00057,9
U0612,BK00023,10
U0612,BK00027,8
U0612,BK00022,10
U0612,BK00058,9
U0612,BK00055,9
U0612,BK00056,9
U0612,BK00020,9
U0612,BK00030,6
U0612,BK00061,6
U0612,BK00018,7
U0613,BK00008,10
U0613,BK00002,8
U0613,BK00005,10
U0613,BK00004,8
U0613,BK00007,10
U0613,BK00001,8
U0613,BK00006,9
U0613,BK00000,10
U0613,BK00003,9
U0613,BK00009,9
U0613,BK00066,5
U0613,BK00017,6
U0613,BK00042,3
U0614,BK00057,9
U0614,BK00046,8
U0614,BK00055,10
U0614,BK00047,8
U0614,BK00048,10
U0614,BK00056,9
U0614,BK00043,8
U0614,BK00058,9
U0614,BK00009,4
U0614,BK00061,6
U0614,BK00045,5
U0615,BK00056,9
U0615,BK00055,8
U0615,BK00057,8
U0615,BK00058,9
U0615,BK00007,6
U0615,BK00013,3
U0616,BK00045,10
U0616,BK00044,10
U0616,BK00047,10
U0616,BK00046,10
U0616,BK00023,7
U0616,BK00013,7
U0616,BK00019,3
U0617,BK00050,10
U0617,BK00000,8
U0617,BK00004,10
U0617,BK00054,9
U0617,BK00007,10
U0617,BK00006,8
U0617,BK00008,8
U0617,BK00001,9
U0617,BK00049,8
U0617,BK00005,10
U0617,BK00052,10
U0617,BK00051,9
U0617,BK00002,9
U0617,BK00003,10
U0617,BK00011,6
U0617,BK00034,3
U0617,BK00012,5
U0618,BK00054,10
U0618,BK00051,10
U0618,BK00056,10
U0618,BK00055,8
U0618,BK00050,9
U0618,BK00052,10
U0618,BK00053,8
U0618,BK00057,10
U0618,BK00049,10
U0618,BK00058,9
U0618,BK00011,6
U0618,BK00029,5
U0618,BK00017,4
U0618,BK00046,3
U0619,BK00060,9
U0619,BK00047,9
U0619,BK00061,9
U0619,BK00048,9
U0619,BK00062,10
U0619,BK00066,10
U0619,BK00065,9
U0619,BK00043,10
U0619,BK00059,8
U0619,BK00063,8
U0619,BK00064,9
U0619,BK00046,9
U0620,BK00059,10
U0620,BK00062,10
U0620,BK00065,10
U0620,BK00061,8
U0620,BK00064,8
U0620,BK00066,8
U0620,BK00060,9
U0620,BK00063,9
U0620,BK00030,6
U0620,BK00002,6
U0620,BK00017,7
U0621,BK00020,10
U0621,BK00021,9
U0621,BK00027,10
U0621,BK00024,8
U0621,BK00026,9
U0621,BK00022,10
U0621,BK00025,10
U0621,BK00050,3
U0621,BK00042,7
U0621,BK00031,3
U0622,BK00032,8
U0622,BK00030,9
U0622,BK00034,9
U0622,BK00028,9
U0622,BK00036,9
U0622,BK00035,10
U0622,BK00037,9
U0622,BK00031,9
U0622,BK00052,6
U0622,BK00017,6
U0622,BK00044,6
U0622,BK00043,4
U0623,BK00021,10
U0623,BK00027,9
U0623,BK00025,9
U0623,BK00026,9
U0623,BK00024,10
U0623,BK00020,8
U0623,BK00023,10
U0623,BK00022,8
U0623,BK00010,5
U0623,BK00015,6
U0623,BK00045,3
U0623,BK00056,4
U0624,BK00049,8
U0624,BK00050,10
U0624,BK00051,10
U0624,BK00052,8
U0624,BK00053,10
U0624,BK00054,8
U0624,BK00044,10
U0624,BK00045,8
U0624,BK00033,4
U0624,BK00018,3
U0624,BK00031,5
U0624,BK00057,5
U0625,BK00042,10
U0625,BK00052,9
U0625,BK00049,10
U0625,BK00054,10
U0625,BK00050,10
U0625,BK00041,8
U0625,BK00051,9
U0625,BK00053,9
U0625,BK00039,9
U0625,BK00038,9
U0625,BK00040,10
U0625,BK00005,7
U0625,BK00055,4
U0626,BK00048,9
U0626,BK00029,10
U0626,BK00028,10
U0626,BK00037,9
U0626,BK00036,9
U0626,BK00032,10
U0626,BK00030,10
U0626,BK00047,10
U0626,BK00031,9
U0626,BK00035,8
U0626,BK00034,9
U0626,BK00033,9
U0626,BK00043,9
U0626,BK00046,10
U0626,BK00012,5
U0626,BK00057,4
U0627,BK00031,9
U0627,BK00035,10
U0627,BK00028,10
U0627,BK00033,10
U0627,BK00037,10
U0627,BK00032,9
U0627,BK00029,10
U0627,BK00046,10
U0627,BK00047,10
U0627,BK00036,9
U0627,BK00043,9
U0627,BK00030,8
U0627,BK00048,10
U0627,BK00034,10
U0627,BK00025,7
U0627,BK00000,3
U0627,BK00004,6
U0627,BK00012,6
U0628,BK00047,8
U0628,BK00046,10
U0628,BK00011,9
U0628,BK00043,8
U0628,BK00016,10
U0628,BK00018,8
U0628,BK00010,8
U0628,BK00015,8
U0628,BK00045,5
U0628,BK00027,7
U0628,BK00008,5
U0628,BK00064,5
U0629,BK00036,10
U0629,BK00060,8
U0629,BK00035,9
U0629,BK00030,8
U0629,BK00028,10
U0629,BK00066,10
U0629,BK00037,9
U0629,BK00033,10
U0629,BK00031,8
U0629,BK00063,8
U0629,BK00034,9
U0629,BK00046,6
U0630,BK00037,10
U0630,BK00030,9
U0630,BK00036,9
U0630,BK00029,8
U0630,BK00035,8
U0630,BK00028,10
U0630,BK00032,10
U0630,BK00031,10
U0630,BK00034,9
U0630,BK00033,10
U0630,BK00065,7
U0630,BK00045,6
U0630,BK00064,3
U0630,BK00024,7
U0631,BK00049,9
U0631,BK00033,10
U0631,BK00028,9
U0631,BK00035,9
U0631,BK00036,9
U0631,BK00037,9
U0631,BK00034,10
U0631,BK00051,10
U0631,BK00031,10
U0631,BK00030,8
U0631,BK00029,10
U0631,BK00052,9
U0631,BK00050,8
U0631,BK00032,10
U0631,BK00053,8
U0631,BK00054,10
U0631,BK00020,7
U0632,BK00048,10
U0632,BK00045,9
U0632,BK00044,9
U0632,BK00046,9
U0633,BK00047,9
U0633,BK00042,8
U0633,BK00046,9
U0633,BK00038,8
U0633,BK00039,10
U0633,BK00040,10
U0633,BK00043,8
U0633,BK00048,9
U0633,BK00041,8
U0634,BK00042,10
U0634,BK00022,9
U0634,BK00052,9
U0634,BK00049,10
U0634,BK00041,10
U0634,BK00050,10
U0634,BK00027,9
U0634,BK00040,9
U0634,BK00025,8
U0634,BK00039,9
U0634,BK00023,10
U0634,BK00053,8
U0634,BK00021,8
U0635,BK00042,9
U0635,BK00038,9
U0635,BK00039,8
U0635,BK00040,9
U0635,BK00041,9
U0635,BK00034,5
U0636,BK00004,9
U0636,BK00005,9
U0636,BK00001,10
U0636,BK00060,8
U0636,BK00066,8
U0636,BK00062,10
U0636,BK00007,9
U0636,BK00058,8
U0636,BK00009,9
U0636,BK00065,10
U0636,BK00059,10
U0636,BK00061,10
U0636,BK00063,10
U0636,BK00003,10
U0636,BK00056,10
U0636,BK00064,10
U0637,BK00046,10
U0637,BK00048,10
U0637,BK00055,10
U0637,BK00053,9
U0637,BK00057,9
U0637,BK00047,8
U0637,BK00051,9
U0637,BK00043,10
U0637,BK00052,9
U0637,BK00050,8
U0637,BK00049,9
U0637,BK00054,10
U0637,BK00056,9
U0637,BK00058,10
U0637,BK00007,7
U0637,BK00038,4
U0638,BK00044,9
U0638,BK00029,10
U0638,BK00033,8
U0638,BK00030,9
U0638,BK00035,9
U0638,BK00036,8
U0638,BK00032,9
U0638,BK00031,9
U0638,BK00013,3
U0638,BK00039,5
U0639,BK00066,10
U0639,BK00061,8
U0639,BK00062,9
U0639,BK00063,9
U0639,BK00065,9
U0639,BK00064,9
U0639,BK00002,7
U0639,BK00057,4
U0639,BK00056,3
U0640,BK00024,10
U0640,BK00020,10
U0640,BK00026,9
U0640,BK00027,10
U0640,BK00021,9
U0640,BK00022,9
U0640,BK00023,9
U0640,BK00025,8
U0640,BK00033,7
U0640,BK00029,7
U0640,BK00059,3
U0641,BK00049,9
U0641,BK00054,9
U0641,BK00053,9
U0641,BK00044,8
U0641,BK00045,10
U0641,BK00052,10
U0641,BK00050,9
U0641,BK00051,10
U0641,BK00048,4
U0641,BK00040,3
U0641,BK00017,3
U0642,BK00023,8
U0642,BK00006,9
U0642,BK00027,8
U0642,BK00022,9
U0642,BK00025,10
U0642,BK00002,8
U0642,BK00026,9
U0642,BK00008,10
U0642,BK00009,9
U0642,BK00004,10
U0642,BK00010,3
U0643,BK00053,10
U0643,BK00051,10
U0643,BK00052,9
U0643,BK00050,10
U0643,BK00054,9
U0643,BK00049,9
U0643,BK00009,3
U0643,BK00042,6
U0643,BK00043,6
U0643,BK00059,5
U0644,BK00040,9
U0644,BK00055,8
U0644,BK00038,10
U0644,BK00057,10
U0644,BK00039,9
U0644,BK00041,10
U0644,BK00058,10
U0644,BK00042,10
U0644,BK00056,10
U0644,BK00029,5
U0645,BK00037,9
U0645,BK00033,8
U0645,BK00012,9
U0645,BK00028,9
U0645,BK00011,10
U0645,BK00016,10
U0645,BK00032,10
U0645,BK00031,10
U0645,BK00035,9
U0645,BK00050,6
U0645,BK00001,6
U0645,BK00041,4
U0646,BK00033,8
U0646,BK00020,10
U0646,BK00022,9
U0646,BK00023,8
U0646,BK00029,9
U0646,BK00024,9
U0646,BK00025,9
U0646,BK00021,9
U0646,BK00028,10
U0646,BK00030,8
U0646,BK00034,8
U0646,BK00031,9
U0646,BK00037,9
U0646,BK00026,9
U0647,BK00001,8
U0647,BK00000,10
U0647,BK00008,9
U0647,BK00006,9
U0647,BK00009,8
U0647,BK00005,10
U0647,BK00003,10
U0647,BK00004,9
U0647,BK00007,9
U0647,BK00002,10
U0647,BK00028,3
U0647,BK00049,6
U0647,BK00063,7
U0647,BK00043,4
U0648,BK00044,10
U0648,BK00002,9
U0648,BK00007,9
U0648,BK00009,8
U0648,BK00005,8
U0648,BK00004,8
U0648,BK00045,10
U0648,BK00008,8
U0648,BK00003,9
U0648,BK00001,8
U0648,BK00000,10
U0648,BK00006,9
U0648,BK00023,4
U0648,BK00025,3
U0649,BK00048,9
U0649,BK00062,9
U0649,BK00061,10
U0649,BK00064,9
U0649,BK00046,9
U0649,BK00060,8
U0649,BK00063,8
U0649,BK00059,8
U0649,BK00047,9
U0649,BK00066,10
U0649,BK00043,9
U0649,BK00065,10
U0650,BK00045,9
U0650,BK00043,9
U0650,BK00046,10
U0650,BK00047,8
U0650,BK00048,10
U0650,BK00044,9
U0651,BK00003,9
U0651,BK00008,9
U0651,BK00007,10
U0651,BK00002,9
U0651,BK00001,9
U0651,BK00005,8
U0651,BK00009,8
U0651,BK00000,10
U0652,BK00023,9
U0652,BK00027,9
U0652,BK00025,8
U0652,BK00065,10
U0652,BK00036,10
U0652,BK00024,8
U0652,BK00061,10
U0652,BK00022,10
U0652,BK00034,10
U0652,BK00062,10
U0652,BK00029,10
U0652,BK00035,9
U0652,BK00060,9
U0652,BK00037,10
U0652,BK00018,4
U0652,BK00052,6
U0652,BK00044,5
U0652,BK00002,5
U0653,BK00032,8
U0653,BK00034,9
U0653,BK00037,10
U0653,BK00028,10
U0653,BK00035,10
U0653,BK00029,8
U0653,BK00036,10
U0653,BK00031,9
U0653,BK00033,10
U0653,BK00030,8
U0653,BK00000,6
U0653,BK00027,7
U0653,BK00003,4
U0654,BK00013,10
U0654,BK00018,8
U0654,BK00011,8
U0654,BK00039,9
U0654,BK00042,9
U0654,BK00017,9
U0654,BK00058,9
U0654,BK00055,9
U0654,BK00014,10
U0654,BK00040,9
U0654,BK00056,10
U0654,BK00060,4
U0654,BK00025,4
U0655,BK00018,10
U0655,BK00039,9
U0655,BK00042,8
U0655,BK00038,10
U0655,BK00011,10
U0655,BK00041,10
U0655,BK00012,10
U0655,BK00019,8
U0655,BK00016,10
U0655,BK00010,10
U0655,BK00017,9
U0655,BK00015,8
U0655,BK00014,9
U0655,BK00007,3
U0656,BK00044,10
U0656,BK00024,9
U0656,BK00020,8
U0656,BK00045,9
U0656,BK00027,10
U0656,BK00025,10
U0656,BK00021,8
U0656,BK00026,10
U0656,BK00023,10
U0656,BK00022,9
U0656,BK00062,4
U0656,BK00054,4
U0656,BK00042,7
U0656,BK00012,6
U0657,BK00053,9
U0657,BK00032,8
U0657,BK00030,10
U0657,BK00028,10
U0657,BK00049,10
U0657,BK00029,8
U0657,BK00016,10
U0657,BK00011,9
U0657,BK00036,10
U0657,BK00054,10
U0657,BK00037,10
U0657,BK00010,10
U0657,BK00019,9
U0657,BK00015,8
U0657,BK00034,10
U0657,BK00051,8
U0657,BK00052,9
U0657,BK00031,9
U0657,BK00033,9
U0657,BK00018,10
U0657,BK00050,10
U0657,BK00055,5
U0657,BK00005,3
U0658,BK00002,8
U0658,BK00004,8
U0658,BK00006,9
U0658,BK00001,9
U0658,BK00009,9
U0658,BK00005,8
U0658,BK00003,9
U0658,BK00000,10
U0658,BK00007,10
U0658,BK00008,10
U0658,BK00029,3
U0658,BK00057,5
U0658,BK00036,3
U0659,BK00040,9
U0659,BK00038,9
U0659,BK00041,10
U0659,BK00042,10
U0659,BK00039,8
U0659,BK00003,7
U0660,BK00062,9
U0660,BK00056,8
U0660,BK00038,8
U0660,BK00040,10
U0660,BK00065,8
U0660,BK00060,8
U0660,BK00039,10
U0660,BK00052,3
U0660,BK00003,6
U0661,BK00055,10
U0661,BK00045,8
U0661,BK00057,8
U0661,BK00044,10
U0661,BK00056,9
U0661,BK00058,9
U0661,BK00041,4
U0662,BK00036,10
U0662,BK00006,8
U0662,BK00034,10
U0662,BK00003,9
U0662,BK00005,10
U0662,BK00035,10
U0662,BK00029,8
U0662,BK00007,8
U0662,BK00031,10
U0662,BK00037,10
U0662,BK00044,9
U0662,BK00002,9
U0662,BK00001,9
U0662,BK00009,10
U0662,BK00032,9
U0662,BK00030,10
U0662,BK00008,8
U0662,BK00000,9
U0662,BK00004,9
U0662,BK00045,8
U0662,BK00027,4
U0662,BK00025,4
U0663,BK00012,10
U0663,BK00013,9
U0663,BK00014,9
U0663,BK00010,8
U0663,BK00017,9
U0663,BK00016,9
U0663,BK00011,10
U0663,BK00019,10
U0663,BK00015,10
U0663,BK00018,9
U0663,BK00006,6
U0663,BK00031,4
U0663,BK00023,4
U0664,BK00044,8
U0664,BK00045,9
U0664,BK00064,3
U0664,BK00035,6
U0664,BK00057,6
U0665,BK00007,9
U0665,BK00008,9
U0665,BK00004,9
U0665,BK00001,9
U0665,BK00003,9
U0666,BK00002,9
U0666,BK00009,8
U0666,BK00007,9
U0666,BK00005,10
U0666,BK00004,10
U0666,BK00049,9
U0666,BK00003,10
U0666,BK00052,10
U0666,BK00053,9
U0666,BK00051,8
U0666,BK00054,9
U0666,BK00008,9
U0666,BK00050,10
U0666,BK00001,9
U0666,BK00000,8
U0666,BK00006,9
U0666,BK00038,7
U0667,BK00007,10
U0667,BK00045,10
U0667,BK00001,10
U0667,BK00002,10
U0667,BK00006,9
U0667,BK00004,10
U0667,BK00060,7
U0668,BK00025,10
U0668,BK00026,9
U0668,BK00027,9
U0668,BK00024,8
U0668,BK00046,5
U0668,BK00029,6
U0668,BK00000,5
U0669,BK00031,10
U0669,BK00062,8
U0669,BK00032,8
U0669,BK00066,8
U0669,BK00029,10
U0669,BK00036,9
U0669,BK00035,9
U0669,BK00064,10
U0669,BK00059,8
U0669,BK00030,9
U0669,BK00028,10
U0669,BK00037,10
U0669,BK00060,10
U0669,BK00063,8
U0669,BK00061,8
U0669,BK00034,10
U0669,BK00027,6
U0670,BK00031,9
U0670,BK00033,9
U0670,BK00029,10
U0670,BK00028,8
U0670,BK00030,8
U0670,BK00034,9
U0670,BK00037,10
U0670,BK00032,10
U0670,BK00035,9
U0670,BK00036,8
U0670,BK00005,6
U0671,BK00023,8
U0671,BK00058,10
U0671,BK00022,10
U0671,BK00021,9
U0672,BK00006,9
U0672,BK00009,9
U0672,BK00003,9
U0672,BK00045,9
U0672,BK00040,9
U0672,BK00038,9
U0672,BK00039,10
U0672,BK00004,8
U0672,BK00008,10
U0672,BK00042,9
U0672,BK00005,10
U0672,BK00001,9
U0672,BK00000,8
U0672,BK00002,8
U0672,BK00007,9
U0673,BK00044,9
U0673,BK00038,10
U0673,BK00039,8
U0673,BK00041,8
U0673,BK00042,9
U0673,BK00045,9
U0673,BK00040,8
U0673,BK00002,4
U0673,BK00034,6
U0674,BK00044,10
U0674,BK00045,10
U0674,BK00042,4
U0674,BK00059,7
U0674,BK00020,6
U0674,BK00027,5
U0675,BK00041,9
U0675,BK00029,8
U0675,BK00042,9
U0675,BK00036,10
U0675,BK00046,3
U0675,BK00005,7
U0675,BK00052,6
U0675,BK00007,6
U0676,BK00027,10
U0676,BK00024,10
U0676,BK00066,9
U0676,BK00021,9
U0676,BK00008,9
U0676,BK00060,8
U0676,BK00009,10
U0676,BK00022,9
U0676,BK00064,10
U0676,BK00059,10
U0676,BK00002,8
U0676,BK00000,10
U0676,BK00006,10
U0676,BK00063,8
U0676,BK00065,9
U0676,BK00003,10
U0676,BK00025,9
U0676,BK00005,9
U0676,BK00062,9
U0676,BK00026,8
U0676,BK00004,8
U0677,BK00000,8
U0677,BK00001,10
U0677,BK00005,10
U0677,BK00008,9
U0677,BK00015,3
U0677,BK00054,7
U0677,BK00022,3
U0677,BK00040,4
U0678,BK00044,10
U0678,BK00047,10
U0678,BK00045,10
U0678,BK00046,9
U0678,BK00043,10
U0678,BK00048,10
U0678,BK00058,3
U0678,BK00009,4
U0678,BK00038,4
U0678,BK00042,5
U0679,BK00007,10
U0679,BK00060,9
U0679,BK00008,10
U0679,BK00005,9
U0679,BK00006,10
U0679,BK00059,10
U0679,BK00047,10
U0679,BK00001,8
U0679,BK00046,9
U0679,BK00043,10
U0679,BK00002,9
U0679,BK00063,9
U0679,BK00062,10
U0679,BK00065,9
U0679,BK00064,9
U0679,BK00066,9
U0679,BK00015,3
U0679,BK00033,5
U0680,BK00044,10
U0680,BK00020,10
U0680,BK00027,10
U0680,BK00045,10
U0680,BK00023,10
U0680,BK00015,7
U0681,BK00002,10
U0681,BK00001,10
U0681,BK00000,8
U0681,BK00004,9
U0681,BK00056,9
U0681,BK00057,9
U0681,BK00006,10
U0681,BK00058,10
U0681,BK00055,10
U0682,BK00058,8
U0682,BK00057,9
U0682,BK00055,10
U0682,BK00056,10
U0682,BK00017,5
U0682,BK00015,4
U0682,BK00009,7
U0683,BK00038,9
U0683,BK00041,9
U0683,BK00045,8
U0683,BK00063,10
U0683,BK00040,8
U0683,BK00044,10
U0683,BK00060,9
U0683,BK00064,10
U0683,BK00039,9
U0684,BK00047,9
U0684,BK00040,9
U0684,BK00041,9
U0684,BK00046,8
U0684,BK00042,8
U0684,BK00034,6
U0684,BK00052,6
U0685,BK00040,10
U0685,BK00042,10
U0685,BK00041,9
U0685,BK00044,9
U0685,BK00039,9
U0685,BK00038,9
U0685,BK00045,10
U0685,BK00035,7
U0686,BK00047,9
U0686,BK00048,9
U0686,BK00043,9
U0686,BK00046,9
U0686,BK00013,7
U0687,BK00065,8
U0687,BK00062,10
U0687,BK00061,8
U0687,BK00060,10
U0687,BK00043,9
U0687,BK00059,9
U0687,BK00064,10
U0687,BK00029,3
U0687,BK00033,4
U0687,BK00050,6
U0687,BK00054,4
U0688,BK00044,10
U0688,BK00045,10
U0688,BK00004,6
U0688,BK00009,5
U0688,BK00010,6
U0689,BK00052,8
U0689,BK00053,10
U0689,BK00049,8
U0689,BK00054,9
U0689,BK00051,10
U0689,BK00050,8
U0690,BK00000,9
U0690,BK00057,10
U0690,BK00003,9
U0690,BK00007,9
U0690,BK00055,8
U0690,BK00056,8
U0690,BK00023,9
U0690,BK00058,10
U0690,BK00026,8
U0690,BK00020,8
U0690,BK00004,10
U0690,BK00043,7
U0691,BK00013,10
U0691,BK00058,10
U0691,BK00016,9
U0691,BK00018,8
U0691,BK00017,9
U0691,BK00015,10
U0691,BK00010,9
U0691,BK00014,9
U0691,BK00011,9
U0691,BK00057,10
U0691,BK00055,8
U0691,BK00019,8
U0691,BK00012,9
U0691,BK00045,3
U0692,BK00026,9
U0692,BK00020,10
U0692,BK00025,8
U0692,BK00057,8
U0692,BK00056,9
U0692,BK00021,8
U0692,BK00023,10
U0692,BK00027,9
U0692,BK00024,9
U0692,BK00058,10
U0692,BK00055,10
U0692,BK00022,10
U0693,BK00002,10
U0693,BK00007,10
U0693,BK00001,10
U0693,BK00009,9
U0693,BK00005,10
U0693,BK00008,10
U0693,BK00000,8
U0693,BK00003,10
U0693,BK00006,10
U0693,BK00004,10
U0693,BK00032,7
U0693,BK00013,4
U0694,BK00029,10
U0694,BK00031,9
U0694,BK00035,10
U0694,BK00037,8
U0694,BK00038,9
U0694,BK00036,9
U0694,BK00028,9
U0694,BK00058,10
U0694,BK00040,8
U0694,BK00041,8
U0694,BK00033,8
U0694,BK00032,9
U0694,BK00042,10
U0694,BK00061,3
U0694,BK00050,7
U0694,BK00066,3
U0695,BK00042,10
U0695,BK00011,10
U0695,BK00043,10
U0695,BK00038,8
U0695,BK00010,10
U0695,BK00015,9
U0695,BK00018,9
U0695,BK00047,10
U0695,BK00012,9
U0695,BK00019,10
U0695,BK00016,10
U0695,BK00014,10
U0695,BK00013,9
U0695,BK00054,4
U0695,BK00060,5
U0696,BK00019,10
U0696,BK00003,10
U0696,BK00004,9
U0696,BK00016,10
U0696,BK00015,8
U0696,BK00006,10
U0696,BK00013,10
U0696,BK00005,8
U0696,BK00017,10
U0696,BK00009,9
U0696,BK00040,9
U0696,BK00012,9
U0696,BK00042,10
U0696,BK00007,9
U0696,BK00039,10
U0696,BK00000,10
U0696,BK00018,9
U0696,BK00010,9
U0696,BK00008,10
U0696,BK00014,9
U0697,BK00055,9
U0697,BK00056,10
U0697,BK00058,10
U0697,BK00057,10
U0697,BK00060,5
U0697,BK00042,3
U0697,BK00007,7
U0698,BK00045,10
U0698,BK00044,10
U0698,BK00034,5
U0698,BK00011,6
U0698,BK00050,3
U0699,BK00007,9
U0699,BK00006,9
U0699,BK00001,9
U0699,BK00005,10
U0699,BK00008,10
U0699,BK00009,9
U0699,BK00004,9
U0699,BK00002,10
U0699,BK00003,9
U0699,BK00000,10
U0700,BK00064,10
U0700,BK00007,10
U0700,BK00000,9
U0700,BK00066,8
U0700,BK00059,8
U0700,BK00008,9
U0700,BK00006,10
U0700,BK00009,9
U0700,BK00060,8
U0700,BK00014,3
U0700,BK00013,3
U0700,BK00017,6
U0701,BK00015,9
U0701,BK00014,9
U0701,BK00002,9
U0701,BK00038,9
U0701,BK00001,8
U0701,BK00042,10
U0701,BK00041,10
U0701,BK00005,10
U0701,BK00011,10
U0701,BK00006,9
U0701,BK00013,10
U0701,BK00009,9
U0701,BK00007,8
U0701,BK00065,6
U0701,BK00029,4
U0701,BK00023,6
U0702,BK00020,9
U0702,BK00059,8
U0702,BK00063,9
U0702,BK00021,9
U0702,BK00062,9
U0702,BK00027,10
U0702,BK00061,9
U0702,BK00026,8
U0702,BK00066,9
U0702,BK00064,9
U0702,BK00024,9
U0702,BK00025,9
U0702,BK00060,9
U0702,BK00065,9
U0702,BK00023,10
U0702,BK00041,3
U0702,BK00051,6
U0702,BK00042,7
U0703,BK00050,9
U0703,BK00054,10
U0703,BK00049,9
U0703,BK00052,10
U0703,BK00010,5
U0703,BK00000,4
U0703,BK00024,6
U0703,BK00007,6
U0704,BK00062,9
U0704,BK00045,10
U0704,BK00066,9
U0704,BK00060,8
U0704,BK00043,9
U0704,BK00063,10
U0704,BK00046,9
U0704,BK00037,7
U0704,BK00003,3
U0705,BK00045,9
U0705,BK00044,9
U0705,BK00059,3
U0706,BK00051,8
U0706,BK00056,9
U0706,BK00057,8
U0706,BK00054,10
U0706,BK00053,10
U0706,BK00050,10
U0706,BK00055,9
U0707,BK00036,10
U0707,BK00034,9
U0707,BK00030,8
U0707,BK00032,10
U0707,BK00037,9
U0707,BK00035,10
U0707,BK00031,9
U0707,BK00033,10
U0707,BK00029,8
U0707,BK00028,9
U0707,BK00065,4
U0707,BK00062,7
U0707,BK00014,6
U0708,BK00053,10
U0708,BK00052,9
U0708,BK00054,10
U0708,BK00051,10
U0708,BK00049,9
U0708,BK00050,8
U0708,BK00046,5
U0708,BK00003,3
U0708,BK00025,6
U0709,BK00027,9
U0709,BK00061,10
U0709,BK00013,10
U0709,BK00012,8
U0709,BK00062,9
U0709,BK00025,10
U0709,BK00022,10
U0709,BK00014,9
U0709,BK00064,8
U0710,BK00059,9
U0710,BK00014,9
U0710,BK00016,8
U0710,BK00060,9
U0710,BK00021,8
U0710,BK00019,10
U0710,BK00066,9
U0710,BK00061,10
U0710,BK00010,10
U0710,BK00027,10
U0710,BK00015,9
U0710,BK00011,10
U0710,BK00064,9
U0710,BK00063,9
U0710,BK00052,5
U0710,BK00001,7
U0711,BK00057,10
U0711,BK00060,10
U0711,BK00058,10
U0711,BK00063,10
U0711,BK00064,10
U0711,BK00062,9
U0711,BK00066,10
U0711,BK00055,9
U0711,BK00065,8
U0711,BK00059,10
U0711,BK00056,10
U0711,BK00061,9
U0711,BK00011,6
U0711,BK00015,3
U0712,BK00054,9
U0712,BK00051,9
U0712,BK00056,8
U0712,BK00014,9
U0712,BK00052,8
U0712,BK00018,9
U0712,BK00017,10
U0712,BK00050,10
U0712,BK00012,10
U0712,BK00057,9
U0712,BK00015,10
U0712,BK00053,10
U0712,BK00013,8
U0712,BK00058,8
U0712,BK00019,8
U0712,BK00010,9
U0712,BK00049,9
U0712,BK00016,10
U0712,BK00055,9
U0712,BK00011,9
U0712,BK00063,5
U0713,BK00021,10
U0713,BK00022,9
U0713,BK00024,9
U0713,BK00027,10
U0713,BK00041,10
U0713,BK00040,8
U0713,BK00026,9
U0713,BK00042,10
U0713,BK00025,9
U0713,BK00039,9
U0713,BK00020,8
U0713,BK00038,9
U0713,BK00023,9
U0713,BK00060,7
U0713,BK00049,5
U0713,BK00017,6
U0713,BK00063,4
U0714,BK00020,10
U0714,BK00024,8
U0714,BK00021,10
U0714,BK00026,10
U0714,BK00023,9
U0714,BK00045,9
U0714,BK00027,8
U0714,BK00025,10
U0714,BK00022,10
U0714,BK00044,9
U0714,BK00065,6
U0715,BK00066,9
U0715,BK00005,10
U0715,BK00004,9
U0715,BK00003,10
U0715,BK00043,9
U0715,BK00002,9
U0715,BK00065,8
U0715,BK00006,8
U0715,BK00060,9
U0715,BK00046,9
U0715,BK00059,10
U0715,BK00064,9
U0715,BK00009,8
U0715,BK00008,9
U0715,BK00007,9
U0715,BK00048,10
U0715,BK00000,8
U0715,BK00061,9
U0715,BK00063,9
U0716,BK00012,10
U0716,BK00015,9
U0716,BK00013,9
U0716,BK00016,8
U0716,BK00017,9
U0716,BK00018,8
U0716,BK00010,8
U0716,BK00014,9
U0716,BK00011,9
U0716,BK00019,10
U0716,BK00002,6
U0716,BK00001,7
U0717,BK00011,10
U0717,BK00014,9
U0717,BK00050,9
U0717,BK00010,9
U0717,BK00018,9
U0717,BK00015,10
U0717,BK00012,9
U0717,BK00013,10
U0717,BK00052,9
U0717,BK00056,9
U0717,BK00055,10
U0717,BK00049,9
U0717,BK00016,10
U0717,BK00054,10
U0717,BK00017,9
U0717,BK00058,9
U0717,BK00057,10
U0717,BK00019,9
U0717,BK00051,9
U0717,BK00053,10
U0717,BK00042,4
U0717,BK00036,5
U0717,BK00038,7
U0717,BK00046,3
U0718,BK00044,8
U0718,BK00045,8
U0719,BK00039,9
U0719,BK00042,9
U0719,BK00038,8
U0719,BK00040,9
U0719,BK00041,8
U0720,BK00053,8
U0720,BK00048,9
U0720,BK00051,9
U0720,BK00049,9
U0720,BK00050,10
U0720,BK00044,7
U0721,BK00054,9
U0721,BK00052,9
U0721,BK00050,10
U0721,BK00060,9
U0721,BK00063,9
U0721,BK00064,9
U0721,BK00049,9
U0721,BK00061,8
U0721,BK00009,7
U0721,BK00055,4
U0721,BK00000,4
U0722,BK00014,10
U0722,BK00016,8
U0722,BK00029,8
U0722,BK00037,10
U0722,BK00030,9
U0722,BK00010,10
U0722,BK00005,5
U0722,BK00003,6
U0723,BK00035,9
U0723,BK00033,9
U0723,BK00028,10
U0723,BK00032,10
U0723,BK00029,9
U0723,BK00031,9
U0723,BK00034,9
U0723,BK00030,10
U0723,BK00037,9
U0723,BK00036,10
U0723,BK00060,4
U0724,BK00024,9
U0724,BK00022,9
U0724,BK00006,10
U0724,BK00026,9
U0724,BK00002,10
U0724,BK00000,10
U0724,BK00023,9
U0724,BK00021,8
U0724,BK00007,9
U0724,BK00020,9
U0724,BK00008,9
U0724,BK00025,9
U0724,BK00003,10
U0724,BK00004,10
U0724,BK00029,7
U0724,BK00014,4
U0724,BK00044,6
U0725,BK00015,10
U0725,BK00011,10
U0725,BK00014,9
U0725,BK00018,9
U0725,BK00017,10
U0725,BK00019,9
U0725,BK00016,9
U0725,BK00010,10
U0725,BK00012,8
U0725,BK00013,10
U0725,BK00054,6
U0725,BK00025,6
U0726,BK00024,10
U0726,BK00021,10
U0726,BK00020,10
U0726,BK00027,10
U0726,BK00022,8
U0726,BK00026,9
U0726,BK00023,10
U0726,BK00025,9
U0726,BK00053,6
U0726,BK00054,3
U0726,BK00007,4
U0726,BK00011,3
U0727,BK00054,10
U0727,BK00050,9
U0727,BK00029,9
U0727,BK00031,8
U0727,BK00035,8
U0727,BK00033,9
U0727,BK00030,10
U0727,BK00036,10
U0727,BK00051,10
U0727,BK00052,10
U0727,BK00034,10
U0727,BK00028,10
U0727,BK00032,10
U0727,BK00053,10
U0727,BK00049,10
U0727,BK00037,9
U0728,BK00047,8
U0728,BK00043,9
U0728,BK00048,8
U0728,BK00046,9
U0729,BK00037,9
U0729,BK00045,10
U0729,BK00033,8
U0729,BK00029,8
U0729,BK00035,9
U0729,BK00028,10
U0729,BK00065,4
U0729,BK00010,7
U0730,BK00006,10
U0730,BK00015,10
U0730,BK00008,8
U0730,BK00016,10
U0730,BK00019,8
U0730,BK00000,9
U0730,BK00009,10
U0730,BK00003,8
U0730,BK00014,9
U0730,BK00013,9
U0730,BK00018,8
U0730,BK00007,9
U0730,BK00001,9
U0730,BK00063,3
U0731,BK00044,9
U0731,BK00054,9
U0731,BK00051,8
U0731,BK00053,8
U0731,BK00052,10
U0731,BK00050,8
U0731,BK00045,10
U0731,BK00049,9
U0732,BK00058,9
U0732,BK00054,10
U0732,BK00055,8
U0732,BK00057,9
U0732,BK00049,9
U0732,BK00056,9
U0732,BK00053,8
U0732,BK00050,8
U0732,BK00051,9
U0732,BK00052,8
U0732,BK00000,7
U0732,BK00042,6
U0732,BK00011,7
U0732,BK00029,4
U0733,BK00002,10
U0733,BK00009,8
U0733,BK00004,8
U0733,BK00006,9
U0733,BK00048,10
U0733,BK00000,10
U0733,BK00003,9
U0733,BK00005,9
U0733,BK00032,7
U0733,BK00060,6
U0734,BK00017,9
U0734,BK00011,8
U0734,BK00012,9
U0734,BK00019,8
U0734,BK00018,9
U0734,BK00013,8
U0734,BK00016,9
U0734,BK00014,10
U0734,BK00015,8
U0734,BK00010,10
U0734,BK00029,3
U0734,BK00058,5
U0734,BK00008,7
U0735,BK00053,10
U0735,BK00052,10
U0735,BK00051,8
U0735,BK00049,10
U0735,BK00054,9
U0735,BK00050,9
U0735,BK00048,4
U0735,BK00005,5
U0735,BK00027,7
U0736,BK00047,8
U0736,BK00043,8
U0736,BK00048,8
U0736,BK00046,10
U0736,BK00002,5
U0736,BK00015,6
U0737,BK00065,10
U0737,BK00053,8
U0737,BK00063,9
U0737,BK00050,9
U0737,BK00060,10
U0737,BK00064,10
U0737,BK00066,8
U0737,BK00052,8
U0737,BK00049,8
U0737,BK00061,10
U0737,BK00054,8
U0737,BK00051,8
U0737,BK00062,10
U0737,BK00059,8
U0737,BK00016,3
U0738,BK00008,8
U0738,BK00003,9
U0738,BK00001,10
U0738,BK00009,8
U0738,BK00006,9
U0738,BK00002,10
U0738,BK00000,8
U0738,BK00007,8
U0738,BK00005,9
U0738,BK00004,8
U0738,BK00012,6
U0738,BK00046,3
U0738,BK00010,4
U0738,BK00043,7
U0739,BK00044,10
U0739,BK00045,9
U0740,BK00001,10
U0740,BK00006,9
U0740,BK00018,10
U0740,BK00005,10
U0740,BK00019,10
U0740,BK00013,10
U0740,BK00002,9
U0740,BK00016,10
U0740,BK00012,8
U0740,BK00011,9
U0740,BK00004,8
U0740,BK00010,10
U0740,BK00007,8
U0740,BK00044,5
U0740,BK00031,4
U0740,BK00042,4
U0740,BK00054,7
U0741,BK00054,9
U0741,BK00026,10
U0741,BK00053,10
U0741,BK00052,10
U0741,BK00022,8
U0741,BK00021,9
U0741,BK00025,9
U0741,BK00024,10
U0741,BK00020,8
U0741,BK00051,8
U0741,BK00049,8
U0741,BK00027,8
U0741,BK00001,6
U0741,BK00002,7
U0741,BK00003,6
U0742,BK00010,10
U0742,BK00039,8
U0742,BK00038,10
U0742,BK00014,9
U0742,BK00019,10
U0742,BK00049,3
U0743,BK00033,8
U0743,BK00029,9
U0743,BK00036,10
U0743,BK00016,10
U0743,BK00018,10
U0743,BK00012,8
U0743,BK00037,10
U0743,BK00032,10
U0743,BK00010,10
U0743,BK00013,10
U0743,BK00035,9
U0743,BK00034,8
U0743,BK00011,10
U0743,BK00019,10
U0743,BK00061,3
U0744,BK00032,10
U0744,BK00028,10
U0744,BK00035,10
U0744,BK00031,9
U0744,BK00037,10
U0744,BK00030,10
U0744,BK00029,8
U0744,BK00036,10
U0744,BK00033,10
U0744,BK00034,8
U0744,BK00011,3
U0744,BK00013,5
U0744,BK00057,4
U0745,BK00006,8
U0745,BK00021,9
U0745,BK00009,8
U0745,BK00005,10
U0745,BK00000,8
U0745,BK00022,9
U0745,BK00008,9
U0745,BK00003,10
U0745,BK00026,10
U0745,BK00020,10
U0745,BK00060,7
U0746,BK00061,10
U0746,BK00020,10
U0746,BK00059,9
U0746,BK00023,9
U0746,BK00022,10
U0746,BK00050,9
U0746,BK00025,9
U0747,BK00053,9
U0747,BK00054,8
U0747,BK00050,8
U0747,BK00051,9
U0747,BK00052,10
U0747,BK00049,8
U0747,BK00065,6
U0747,BK00000,6
U0747,BK00034,5
U0748,BK00022,9
U0748,BK00012,10
U0748,BK00019,10
U0748,BK00025,10
U0748,BK00016,10
U0748,BK00011,9
U0748,BK00020,10
U0748,BK00021,10
U0748,BK00027,10
U0748,BK00026,10
U0748,BK00049,3
U0748,BK00061,5
U0748,BK00055,3
U0748,BK00035,7
U0749,BK00030,10
U0749,BK00018,10
U0749,BK00013,9
U0749,BK00031,9
U0749,BK00011,10
U0749,BK00034,9
U0749,BK00028,8
U0749,BK00035,10
U0749,BK00036,10
U0749,BK00010,10
U0749,BK00016,9
U0749,BK00019,9
U0749,BK00038,3
U0749,BK00063,7
U0749,BK00064,6
U0750,BK00044,10
U0750,BK00062,8
U0750,BK00063,9
U0750,BK00066,10
U0750,BK00045,9
U0750,BK00059,8
U0750,BK00061,10
U0750,BK00060,9
U0750,BK00064,9
U0750,BK00065,9
U0751,BK00032,10
U0751,BK00028,10
U0751,BK00036,10
U0751,BK00037,10
U0751,BK00038,8
U0751,BK00031,10
U0751,BK00042,8
U0751,BK00040,10
U0751,BK00034,8
U0751,BK00045,8
U0751,BK00044,9
U0751,BK00041,8
U0751,BK00035,9
U0751,BK00029,8
U0751,BK00039,10
U0751,BK00030,9
U0751,BK00033,9
U0751,BK00065,7
U0752,BK00029,9
U0752,BK00031,9
U0752,BK00036,10
U0752,BK00035,10
U0752,BK00033,8
U0752,BK00034,10
U0752,BK00028,9
U0752,BK00037,8
U0752,BK00032,9
U0752,BK00030,9
U0753,BK00042,10
U0753,BK00039,10
U0753,BK00053,10
U0753,BK00050,8
U0753,BK00040,10
U0753,BK00049,10
U0753,BK00038,8
U0753,BK00052,10
U0753,BK00017,4
U0753,BK00001,5
U0754,BK00005,10
U0754,BK00055,10
U0754,BK00000,10
U0754,BK00002,9
U0754,BK00009,10
U0754,BK00059,10
U0754,BK00058,10
U0754,BK00004,10
U0754,BK00056,10
U0754,BK00062,9
U0754,BK00006,10
U0754,BK00061,10
U0754,BK00063,10
U0754,BK00001,9
U0754,BK00003,8
U0754,BK00065,9
U0754,BK00057,9
U0754,BK00066,10
U0754,BK00064,9
U0754,BK00007,9
U0754,BK00060,8
U0754,BK00046,3
U0754,BK00037,3
U0755,BK00062,9
U0755,BK00027,9
U0755,BK00006,10
U0755,BK00063,9
U0755,BK00021,8
U0755,BK00009,10
U0755,BK00023,10
U0755,BK00022,9
U0755,BK00066,9
U0755,BK00002,9
U0755,BK00064,10
U0755,BK00061,8
U0755,BK00004,10
U0755,BK00020,10
U0755,BK00003,8
U0755,BK00060,8
U0755,BK00059,8
U0755,BK00065,10
U0755,BK00026,10
U0755,BK00046,5
U0756,BK00042,9
U0756,BK00040,10
U0756,BK00038,10
U0756,BK00041,10
U0756,BK00039,10
U0756,BK00024,6
U0756,BK00045,6
U0756,BK00060,3
U0757,BK00044,8
U0757,BK00038,10
U0757,BK00041,10
U0757,BK00039,9
U0757,BK00045,9
U0757,BK00040,9
U0757,BK00042,9
U0757,BK00034,7
U0757,BK00064,7
U0758,BK00044,9
U0758,BK00045,9
U0758,BK00053,6
U0758,BK00050,5
U0759,BK00010,10
U0759,BK00011,9
U0759,BK00007,10
U0759,BK00001,9
U0759,BK00000,9
U0759,BK00018,10
U0759,BK00019,8
U0759,BK00006,10
U0759,BK00002,8
U0759,BK00014,8
U0759,BK00016,8
U0759,BK00013,9
U0759,BK00008,9
U0759,BK00017,8
U0759,BK00009,8
U0759,BK00003,9
U0759,BK00050,7
U0759,BK00064,5
U0759,BK00062,7
U0760,BK00044,9
U0760,BK00045,9
U0760,BK00005,10
U0760,BK00007,8
U0760,BK00006,9
U0760,BK00004,8
U0760,BK00056,9
U0760,BK00055,8
U0760,BK00000,9
U0760,BK00057,10
U0760,BK00058,9
U0760,BK00008,9
U0760,BK00009,10
U0760,BK00002,9
U0760,BK00003,9
U0760,BK00001,10
U0760,BK00018,5
U0760,BK00061,7
U0760,BK00036,6
U0761,BK00050,9
U0761,BK00008,9
U0761,BK00043,9
U0761,BK00005,9
U0761,BK00009,8
U0761,BK00002,8
U0761,BK00001,10
U0761,BK00049,9
U0761,BK00047,9
U0761,BK00042,5
U0762,BK00052,10
U0762,BK00050,10
U0762,BK00047,8
U0762,BK00046,10
U0762,BK00043,10
U0762,BK00054,10
U0762,BK00048,9
U0762,BK00053,9
U0762,BK00039,5
U0762,BK00058,4
U0762,BK00057,6
U0762,BK00056,4
U0763,BK00036,10
U0763,BK00034,10
U0763,BK00030,9
U0763,BK00037,8
U0763,BK00028,9
U0763,BK00031,9
U0763,BK00035,9
U0763,BK00032,8
U0763,BK00033,10
U0763,BK00029,10
U0764,BK00046,9
U0764,BK00048,8
U0764,BK00043,8
U0764,BK00047,8
U0764,BK00060,7
U0765,BK00045,9
U0765,BK00044,9
U0765,BK00008,5
U0765,BK00056,5
U0765,BK00046,5
U0765,BK00022,5
U0766,BK00058,9
U0766,BK00008,9
U0766,BK00005,10
U0766,BK00001,8
U0766,BK00007,9
U0766,BK00003,10
U0766,BK00009,10
U0766,BK00056,10
U0766,BK00004,10
U0766,BK00000,9
U0767,BK00066,8
U0767,BK00020,9
U0767,BK00025,10
U0767,BK00027,9
U0767,BK00021,9
U0767,BK00038,6
U0768,BK00009,10
U0768,BK00008,9
U0768,BK00006,10
U0768,BK00005,10
U0768,BK00002,9
U0768,BK00001,10
U0768,BK00018,4
U0768,BK00023,4
U0769,BK00025,8
U0769,BK00010,10
U0769,BK00022,10
U0769,BK00015,10
U0769,BK00059,10
U0769,BK00016,10
U0769,BK00063,8
U0769,BK00026,8
U0769,BK00062,8
U0769,BK00011,10
U0769,BK00061,10
U0769,BK00012,10
U0769,BK00024,10
U0769,BK00027,10
U0769,BK00065,8
U0769,BK00064,8
U0769,BK00021,10
U0769,BK00023,8
U0769,BK00013,9
U0769,BK00020,9
U0769,BK00019,9
U0770,BK00042,8
U0770,BK00039,10
U0770,BK00013,10
U0770,BK00018,8
U0770,BK00014,10
U0770,BK00056,5
U0770,BK00025,6
U0771,BK00033,9
U0771,BK00043,9
U0771,BK00030,9
U0771,BK00023,10
U0771,BK00021,10
U0771,BK00020,10
U0771,BK00026,8
U0771,BK00031,9
U0771,BK00032,8
U0771,BK00036,8
U0771,BK00027,10
U0771,BK00035,10
U0771,BK00022,10
U0772,BK00038,9
U0772,BK00015,9
U0772,BK00011,8
U0772,BK00010,10
U0772,BK00042,10
U0772,BK00039,9
U0773,BK00045,10
U0773,BK00044,10
U0774,BK00046,10
U0774,BK00048,10
U0774,BK00047,10
U0774,BK00043,10
U0774,BK00035,7
U0774,BK00009,6
U0775,BK00044,10
U0775,BK00045,8
U0775,BK00057,5
U0775,BK00015,3
U0775,BK00062,5
U0775,BK00064,7
U0776,BK00021,10
U0776,BK00046,10
U0776,BK00027,10
U0776,BK00026,10
U0776,BK00020,9
U0776,BK00025,10
U0776,BK00024,8
U0776,BK00048,9
U0776,BK00043,8
U0776,BK00047,10
U0776,BK00022,8
U0776,BK00023,10
U0776,BK00056,5
U0776,BK00060,4
U0776,BK00030,3
U0777,BK00060,10
U0777,BK00046,10
U0777,BK00062,9
U0777,BK00064,9
U0777,BK00063,8
U0777,BK00047,10
U0777,BK00066,10
U0777,BK00043,10
U0777,BK00065,9
U0777,BK00048,10
U0777,BK00061,9
U0777,BK00059,9
U0777,BK00011,4
U0777,BK00054,4
U0777,BK00004,7
U0777,BK00006,6
U0778,BK00055,10
U0778,BK00018,9
U0778,BK00017,8
U0778,BK00010,10
U0778,BK00011,9
U0778,BK00016,9
U0778,BK00057,9
U0778,BK00019,10
U0778,BK00014,8
U0778,BK00013,10
U0778,BK00015,8
U0778,BK00056,8
U0778,BK00058,8
U0778,BK00012,10
U0778,BK00037,4
U0778,BK00063,5
U0779,BK00040,9
U0779,BK00041,9
U0779,BK00009,10
U0779,BK00042,9
U0779,BK00002,8
U0779,BK00007,9
U0779,BK00003,10
U0779,BK00004,8
U0779,BK00006,10
U0779,BK00001,10
U0779,BK00005,9
U0779,BK00000,8
U0779,BK00038,10
U0779,BK00008,8
U0779,BK00039,8
U0779,BK00045,5
U0779,BK00056,7
U0779,BK00021,3
U0780,BK00015,8
U0780,BK00010,9
U0780,BK00012,9
U0780,BK00016,10
U0780,BK00013,8
U0780,BK00018,10
U0780,BK00014,9
U0780,BK00011,9
U0780,BK00019,8
U0780,BK00017,8
U0781,BK00015,9
U0781,BK00044,10
U0781,BK00010,10
U0781,BK00019,10
U0781,BK00017,10
U0781,BK00012,10
U0781,BK00045,10
U0781,BK00018,10
U0781,BK00016,9
U0781,BK00013,10
U0781,BK00011,9
U0781,BK00014,9
U0781,BK00063,7
U0782,BK00050,8
U0782,BK00039,8
U0782,BK00052,9
U0782,BK00040,9
U0782,BK00041,8
U0782,BK00053,9
U0782,BK00051,9
U0782,BK00005,7
U0782,BK00013,7
U0782,BK00060,6
U0782,BK00057,4
U0783,BK00014,10
U0783,BK00013,10
U0783,BK00015,8
U0783,BK00018,10
U0783,BK00012,10
U0783,BK00019,9
U0783,BK00011,10
U0783,BK00016,10
U0783,BK00010,9
U0783,BK00017,9
U0783,BK00003,5
U0783,BK00035,7
U0783,BK00065,7
U0783,BK00027,4
U0784,BK00027,10
U0784,BK00024,9
U0784,BK00021,10
U0784,BK00040,10
U0784,BK00023,9
U0784,BK00038,9
U0784,BK00020,8
U0784,BK00025,9
U0784,BK00026,10
U0784,BK00022,9
U0784,BK00046,9
U0784,BK00017,7
U0784,BK00062,4
U0784,BK00003,3
U0785,BK00003,10
U0785,BK00001,8
U0785,BK00046,9
U0785,BK00055,9
U0785,BK00056,9
U0785,BK00004,10
U0785,BK00058,10
U0785,BK00000,8
U0785,BK00009,9
U0785,BK00047,9
U0785,BK00048,8
U0785,BK00043,10
U0785,BK00006,10
U0785,BK00005,9
U0785,BK00042,4
U0785,BK00034,5
U0785,BK00016,5
U0786,BK00021,10
U0786,BK00025,9
U0786,BK00027,8
U0786,BK00026,8
U0786,BK00065,4
U0786,BK00028,6
U0786,BK00058,3
U0787,BK00047,10
U0787,BK00043,9
U0787,BK00048,8
U0787,BK00046,10
U0787,BK00016,5
U0787,BK00028,3
U0787,BK00040,6
U0787,BK00060,3
U0788,BK00027,9
U0788,BK00029,10
U0788,BK00021,8
U0788,BK00025,8
U0788,BK00024,9
U0788,BK00037,9
U0788,BK00020,9
U0788,BK00033,8
U0788,BK00028,9
U0788,BK00031,10
U0788,BK00026,8
U0788,BK00022,10
U0788,BK00034,10
U0788,BK00036,9
U0788,BK00030,8
U0788,BK00032,8
U0788,BK00023,10
U0788,BK00035,9
U0789,BK00035,8
U0789,BK00029,8
U0789,BK00047,10
U0789,BK00017,10
U0789,BK00046,10
U0789,BK00036,10
U0789,BK00028,8
U0789,BK00014,8
U0789,BK00011,10
U0789,BK00045,7
U0789,BK00004,6
U0790,BK00015,8
U0790,BK00008,10
U0790,BK00001,10
U0790,BK00007,10
U0790,BK00045,10
U0790,BK00016,9
U0790,BK00044,9
U0790,BK00011,9
U0790,BK00010,8
U0790,BK00002,9
U0790,BK00014,9
U0790,BK00003,9
U0790,BK00013,8
U0790,BK00004,8
U0790,BK00017,10
U0790,BK00018,9
U0790,BK00005,10
U0790,BK00012,9
U0790,BK00021,5
U0791,BK00045,9
U0791,BK00044,10
U0791,BK00032,4
U0791,BK00023,4
U0791,BK00007,4
U0792,BK00043,9
U0792,BK00017,9
U0792,BK00019,8
U0792,BK00015,10
U0792,BK00018,10
U0792,BK00012,10
U0793,BK00041,9
U0793,BK00040,10
U0793,BK00035,10
U0793,BK00007,10
U0793,BK00037,10
U0793,BK00030,9
U0793,BK00042,10
U0793,BK00038,9
U0793,BK00048,3
U0793,BK00054,4
U0794,BK00065,9
U0794,BK00059,8
U0794,BK00062,9
U0794,BK00040,10
U0794,BK00042,10
U0794,BK00061,8
U0794,BK00041,10
U0794,BK00045,9
U0794,BK00039,8
U0794,BK00022,6
U0794,BK00033,3
U0795,BK00046,9
U0795,BK00047,8
U0795,BK00043,10
U0795,BK00048,9
U0795,BK00027,3
U0796,BK00015,9
U0796,BK00013,10
U0796,BK00017,10
U0796,BK00055,10
U0796,BK00011,9
U0796,BK00056,8
U0796,BK00012,10
U0796,BK00016,10
U0796,BK00018,10
U0796,BK00010,8
U0796,BK00058,8
U0796,BK00019,9
U0796,BK00014,9
U0796,BK00057,10
U0796,BK00047,7
U0796,BK00005,7
U0796,BK00060,4
U0796,BK00044,3
U0797,BK00026,9
U0797,BK00023,10
U0797,BK00022,9
U0797,BK00044,10
U0797,BK00049,9
U0797,BK00045,10
U0797,BK00054,9
U0797,BK00020,9
U0797,BK00027,9
U0797,BK00010,4
U0797,BK00000,3
U0797,BK00003,5
U0798,BK00041,9
U0798,BK00040,10
U0798,BK00042,10
U0798,BK00038,9
U0798,BK00039,8
U0798,BK00052,4
U0798,BK00007,3
U0798,BK00004,4
U0798,BK00026,3
U0799,BK00002,9
U0799,BK00003,8
U0799,BK00009,9
U0799,BK00001,10
U0799,BK00005,8
U0799,BK00008,10
U0799,BK00004,9
U0799,BK00006,8
U0799,BK00000,10
U0799,BK00007,9
U0799,BK00033,6
U0800,BK00005,8
U0800,BK00003,10
U0800,BK00007,10
U0800,BK00008,9
U0800,BK00006,9
U0800,BK00035,3
U0800,BK00044,3
U0801,BK00065,9
U0801,BK00064,10
U0801,BK00066,10
U0801,BK00059,9
U0801,BK00062,8
U0801,BK00060,8
U0801,BK00055,5
U0801,BK00038,4
U0801,BK00002,7
U0802,BK00012,10
U0802,BK00045,10
U0802,BK00019,10
U0802,BK00011,8
U0802,BK00013,10
U0802,BK00010,9
U0802,BK00017,10
U0802,BK00015,9
U0802,BK00016,8
U0802,BK00044,10
U0802,BK00014,10
U0802,BK00018,10
U0802,BK00047,5
U0802,BK00033,5
U0802,BK00065,3
U0803,BK00063,10
U0803,BK00040,10
U0803,BK00059,9
U0803,BK00066,10
U0803,BK00065,9
U0803,BK00038,9
U0803,BK00060,9
U0803,BK00064,10
U0803,BK00061,9
U0803,BK00039,10
U0803,BK00042,8
U0803,BK00041,8
U0803,BK00026,5
U0803,BK00022,4
U0803,BK00000,5
U0803,BK00019,4
U0804,BK00048,9
U0804,BK00025,8
U0804,BK00024,10
U0804,BK00022,10
U0804,BK00021,10
U0804,BK00047,9
U0804,BK00046,9
U0804,BK00026,9
U0804,BK00020,10
U0804,BK00043,9
U0804,BK00027,9
U0804,BK00023,9
U0804,BK00034,5
U0804,BK00009,6
U0804,BK00052,4
U0804,BK00015,5
U0805,BK00046,8
U0805,BK00043,9
U0805,BK00047,8
U0805,BK00048,8
U0805,BK00064,5
U0806,BK00000,9
U0806,BK00003,10
U0806,BK00006,9
U0806,BK00004,10
U0806,BK00008,10
U0806,BK00044,9
U0806,BK00005,10
U0806,BK00001,10
U0806,BK00053,10
U0806,BK00045,10
U0806,BK00054,10
U0806,BK00007,8
U0806,BK00052,10
U0806,BK00009,9
U0806,BK00051,9
U0806,BK00022,4
U0806,BK00033,3
U0807,BK00047,8
U0807,BK00043,9
U0807,BK00048,9
U0807,BK00046,10
U0807,BK00062,7
U0807,BK00064,4
U0807,BK00019,5
U0807,BK00032,5
U0808,BK00059,9
U0808,BK00045,8
U0808,BK00060,9
U0808,BK00044,10
U0808,BK00064,10
U0808,BK00061,9
U0808,BK00042,9
U0808,BK00040,9
U0808,BK00065,10
U0808,BK00062,8
U0808,BK00066,9
U0808,BK00039,9
U0808,BK00041,9
U0808,BK00038,9
U0808,BK00063,8
U0809,BK00066,8
U0809,BK00062,9
U0809,BK00060,10
U0809,BK00064,10
U0809,BK00059,8
U0809,BK00065,10
U0809,BK00063,9
U0809,BK00045,9
U0809,BK00061,9
U0809,BK00044,9
U0809,BK00007,5
U0810,BK00027,8
U0810,BK00024,10
U0810,BK00044,10
U0810,BK00026,9
U0810,BK00025,9
U0810,BK00023,9
U0810,BK00020,10
U0810,BK00045,10
U0810,BK00021,10
U0810,BK00022,9
U0810,BK00065,7
U0811,BK00045,8
U0811,BK00048,9
U0811,BK00046,9
U0811,BK00044,10
U0811,BK00043,10
U0811,BK00047,8
U0812,BK00043,9
U0812,BK00048,8
U0812,BK00047,9
U0812,BK00046,9
U0812,BK00058,5
U0812,BK00044,6
U0812,BK00011,4
U0813,BK00045,10
U0813,BK00044,9
U0813,BK00015,3
U0813,BK00027,4
U0813,BK00052,3
U0813,BK00011,4
U0814,BK00048,9
U0814,BK00061,10
U0814,BK00043,9
U0814,BK00065,9
U0814,BK00047,9
U0814,BK00064,9
U0814,BK00059,9
U0814,BK00063,9
U0814,BK00060,10
U0814,BK00066,9
U0814,BK00062,10
U0814,BK00046,9
U0814,BK00008,7
U0814,BK00050,7
U0815,BK00007,10
U0815,BK00027,10
U0815,BK00003,8
U0815,BK00041,10
U0815,BK00024,9
U0815,BK00039,10
U0815,BK00005,10
U0815,BK00008,10
U0815,BK00021,8
U0815,BK00000,10
U0815,BK00025,9
U0815,BK00020,9
U0815,BK00009,10
U0815,BK00026,8
U0815,BK00006,8
U0816,BK00050,10
U0816,BK00052,10
U0816,BK00049,9
U0816,BK00054,10
U0816,BK00053,9
U0816,BK00051,10
U0817,BK00047,10
U0817,BK00032,10
U0817,BK00030,9
U0817,BK00046,9
U0817,BK00031,9
U0817,BK00037,9
U0817,BK00043,10
U0817,BK00029,8
U0817,BK00034,10
U0817,BK00048,9
U0817,BK00028,10
U0817,BK00035,9
U0817,BK00036,9
U0817,BK00033,9
U0817,BK00009,3
U0817,BK00022,6
U0818,BK00049,9
U0818,BK00054,8
U0818,BK00053,10
U0818,BK00050,9
U0818,BK00051,9
U0818,BK00052,10
U0818,BK00006,5
U0818,BK00058,3
U0819,BK00023,9
U0819,BK00000,10
U0819,BK00021,10
U0819,BK00008,9
U0819,BK00046,10
U0819,BK00004,8
U0819,BK00064,5
U0819,BK00044,5
U0820,BK00004,8
U0820,BK00009,10
U0820,BK00001,10
U0820,BK00002,10
U0820,BK00046,9
U0820,BK00005,10
U0820,BK00047,9
U0820,BK00003,10
U0820,BK00008,10
U0820,BK00043,10
U0820,BK00000,9
U0820,BK00006,9
U0820,BK00007,8
U0820,BK00048,10
U0820,BK00027,3
U0820,BK00011,4
U0820,BK00050,3
U0821,BK00020,9
U0821,BK00021,10
U0821,BK00027,10
U0821,BK00045,10
U0821,BK00044,10
U0821,BK00026,10
U0821,BK00025,10
U0821,BK00023,10
U0821,BK00024,10
U0821,BK00046,3
U0822,BK00050,10
U0822,BK00031,8
U0822,BK00033,10
U0822,BK00035,9
U0822,BK00052,10
U0822,BK00056,10
U0822,BK00011,7
U0822,BK00008,7
U0822,BK00038,6
U0822,BK00061,7
U0823,BK00034,10
U0823,BK00037,10
U0823,BK00033,9
U0823,BK00028,9
U0823,BK00048,9
U0823,BK00046,8
U0823,BK00032,9
U0823,BK00029,8
U0823,BK00035,9
U0823,BK00047,8
U0823,BK00012,7
U0823,BK00001,3
U0824,BK00047,10
U0824,BK00006,10
U0824,BK00004,10
U0824,BK00046,9
U0824,BK00009,10
U0824,BK00007,10
U0824,BK00043,10
U0824,BK00003,10
U0824,BK00000,9
U0824,BK00005,8
U0824,BK00008,10
U0824,BK00048,9
U0824,BK00001,10
U0824,BK00002,9
U0824,BK00029,6
U0824,BK00045,3
U0824,BK00056,5
U0825,BK00007,8
U0825,BK00060,10
U0825,BK00059,9
U0825,BK00065,9
U0825,BK00003,10
U0825,BK00066,10
U0825,BK00062,9
U0825,BK00000,9
U0825,BK00009,9
U0825,BK00006,8
U0825,BK00004,9
U0825,BK00061,10
U0825,BK00063,10
U0825,BK00008,8
U0825,BK00001,9
U0825,BK00005,9
U0825,BK00002,9
U0826,BK00022,10
U0826,BK00023,10
U0826,BK00026,10
U0826,BK00021,10
U0826,BK00025,9
U0826,BK00024,10
U0826,BK00020,10
U0826,BK00027,9
U0826,BK00044,5
U0826,BK00018,6
U0827,BK00040,10
U0827,BK00032,10
U0827,BK00041,9
U0827,BK00039,9
U0827,BK00031,10
U0827,BK00042,9
U0827,BK00037,10
U0827,BK00029,9
U0827,BK00034,8
U0827,BK00030,10
U0827,BK00036,10
U0827,BK00028,9
U0827,BK00035,9
U0827,BK00038,9
U0827,BK00015,3
U0827,BK00060,7
U0827,BK00016,5
U0827,BK00017,7
U0828,BK00050,10
U0828,BK00051,10
U0828,BK00049,9
U0828,BK00053,8
U0828,BK00052,9
U0828,BK00024,8
U0828,BK00021,10
U0828,BK00027,8
U0828,BK00026,10
U0828,BK00020,9
U0829,BK00043,9
U0829,BK00046,8
U0829,BK00047,8
U0829,BK00058,9
U0829,BK00057,9
U0829,BK00056,10
U0829,BK00048,10
U0829,BK00055,9
U0829,BK00002,6
U0830,BK00020,10
U0830,BK00026,9
U0830,BK00027,10
U0830,BK00021,9
U0830,BK00022,10
U0830,BK00025,10
U0830,BK00023,10
U0830,BK00024,9
U0830,BK00054,5
U0831,BK00003,9
U0831,BK00047,9
U0831,BK00051,10
U0831,BK00008,9
U0831,BK00053,9
U0831,BK00001,8
U0831,BK00050,9
U0831,BK00005,9
U0831,BK00049,9
U0831,BK00048,10
U0831,BK00004,9
U0831,BK00009,9
U0831,BK00007,9
U0831,BK00000,10
U0831,BK00046,9
U0831,BK00043,8
U0831,BK00054,8
U0831,BK00052,9
U0831,BK00002,9
U0831,BK00006,10
U0831,BK00028,7
U0832,BK00055,9
U0832,BK00045,8
U0832,BK00057,10
U0832,BK00058,10
U0832,BK00044,9
U0832,BK00056,8
U0832,BK00050,6
U0832,BK00037,5
U0832,BK00003,4
U0833,BK00040,9
U0833,BK00038,9
U0833,BK00041,10
U0833,BK00042,10
U0833,BK00039,9
U0834,BK00046,8
U0834,BK00043,9
U0834,BK00045,8
U0834,BK00044,9
U0834,BK00047,9
U0834,BK00048,10
U0834,BK00009,7
U0834,BK00039,3
U0834,BK00056,4
U0834,BK00014,4
U0835,BK00031,8
U0835,BK00037,10
U0835,BK00032,10
U0835,BK00036,9
U0835,BK00038,3
U0835,BK00004,6
U0835,BK00056,6
U0836,BK00051,8
U0836,BK00050,9
U0836,BK00049,9
U0836,BK00052,10
U0836,BK00053,10
U0836,BK00054,9
U0836,BK00003,6
U0837,BK00031,9
U0837,BK00032,10
U0837,BK00030,8
U0837,BK00028,10
U0837,BK00046,3
U0838,BK00050,10
U0838,BK00054,9
U0838,BK00051,10
U0838,BK00049,10
U0838,BK00053,8
U0838,BK00052,10
U0838,BK00058,6
U0838,BK00062,5
U0838,BK00048,5
U0839,BK00011,10
U0839,BK00022,8
U0839,BK00021,10
U0839,BK00020,9
U0839,BK00018,10
U0839,BK00013,10
U0839,BK00023,10
U0839,BK00017,9
U0839,BK00012,9
U0839,BK00024,10
U0839,BK00019,9
U0839,BK00025,9
U0839,BK00004,6
U0839,BK00029,4
U0839,BK00009,4
U0839,BK00038,6
U0840,BK00012,10
U0840,BK00066,10
U0840,BK00011,10
U0840,BK00013,8
U0840,BK00026,8
U0840,BK00024,10
U0840,BK00062,8
U0840,BK00064,10
U0840,BK00040,5
U0841,BK00033,10
U0841,BK00029,8
U0841,BK00032,9
U0841,BK00037,9
U0841,BK00030,9
U0841,BK00036,10
U0841,BK00034,10
U0841,BK00031,9
U0842,BK00035,9
U0842,BK00030,9
U0842,BK00036,10
U0842,BK00028,10
U0842,BK00037,9
U0842,BK00033,9
U0842,BK00029,8
U0842,BK00034,10
U0842,BK00032,9
U0842,BK00031,9
U0842,BK00024,5
U0843,BK00042,9
U0843,BK00052,10
U0843,BK00053,8
U0843,BK00051,9
U0843,BK00043,3
U0843,BK00037,5
U0843,BK00021,7
U0843,BK00000,6
U0844,BK00066,9
U0844,BK00059,10
U0844,BK00060,9
U0844,BK00014,9
U0844,BK00011,9
U0844,BK00018,10
U0844,BK00019,10
U0844,BK00016,10
U0844,BK00065,9
U0844,BK00048,9
U0844,BK00052,4
U0845,BK00025,8
U0845,BK00060,9
U0845,BK00065,10
U0845,BK00064,9
U0845,BK00005,4
U0845,BK00009,7
U0845,BK00048,5
U0845,BK00008,3
U0846,BK00046,10
U0846,BK00043,10
U0846,BK00047,9
U0846,BK00048,10
U0846,BK00052,4
U0846,BK00042,6
U0847,BK00045,10
U0847,BK00044,10
U0848,BK00043,8
U0848,BK00047,9
U0848,BK00046,10
U0848,BK00048,8
U0848,BK00013,3
U0849,BK00058,8
U0849,BK00061,9
U0849,BK00060,10
U0849,BK00056,9
U0849,BK00057,10
U0849,BK00065,10
U0849,BK00055,10
U0849,BK00059,10
U0849,BK00064,10
U0849,BK00063,10
U0849,BK00062,9
U0849,BK00032,3
U0849,BK00042,3
U0850,BK00048,10
U0850,BK00011,10
U0850,BK00057,9
U0850,BK00014,9
U0850,BK00043,10
U0850,BK00046,9
U0850,BK00012,10
U0850,BK00055,10
U0850,BK00010,9
U0850,BK00019,10
U0850,BK00016,9
U0850,BK00047,8
U0850,BK00042,7
U0850,BK00041,6
U0850,BK00038,4
U0850,BK00054,4
U0851,BK00015,8
U0851,BK00024,9
U0851,BK00025,9
U0851,BK00021,10
U0851,BK00023,9
U0851,BK00022,10
U0851,BK00020,9
U0851,BK00018,8
U0852,BK00050,9
U0852,BK00058,8
U0852,BK00056,10
U0852,BK00055,8
U0852,BK00053,8
U0852,BK00052,9
U0852,BK00057,10
U0852,BK00054,10
U0852,BK00051,10
U0852,BK00049,8
U0852,BK00032,4
U0853,BK00005,10
U0853,BK00003,9
U0853,BK00002,8
U0853,BK00004,8
U0853,BK00022,5
U0853,BK00046,3
U0854,BK00038,10
U0854,BK00023,9
U0854,BK00042,10
U0854,BK00020,10
U0854,BK00025,9
U0854,BK00022,9
U0854,BK00041,9
U0854,BK00024,10
U0854,BK00021,9
U0854,BK00039,10
U0854,BK00026,10
U0854,BK00033,6
U0854,BK00044,4
U0854,BK00057,4
U0855,BK00013,8
U0855,BK00018,8
U0855,BK00045,9
U0855,BK00016,9
U0855,BK00014,10
U0855,BK00017,9
U0855,BK00011,9
U0855,BK00019,9
U0855,BK00044,10
U0855,BK00012,9
U0855,BK00015,8
U0855,BK00010,10
U0856,BK00025,10
U0856,BK00030,10
U0856,BK00022,8
U0856,BK00021,9
U0856,BK00043,9
U0856,BK00028,8
U0856,BK00047,10
U0856,BK00020,9
U0856,BK00035,10
U0856,BK00048,10
U0856,BK00034,10
U0856,BK00029,10
U0856,BK00027,8
U0856,BK00046,10
U0856,BK00033,10
U0856,BK00036,8
U0856,BK00032,9
U0856,BK00023,10
U0857,BK00055,10
U0857,BK00063,10
U0857,BK00064,10
U0857,BK00066,9
U0857,BK00061,10
U0857,BK00056,9
U0857,BK00065,10
U0857,BK00059,8
U0857,BK00060,9
U0857,BK00058,9
U0857,BK00062,10
U0857,BK00023,4
U0857,BK00046,5
U0857,BK00052,7
U0858,BK00066,10
U0858,BK00020,10
U0858,BK00025,9
U0858,BK00059,8
U0858,BK00026,10
U0858,BK00023,10
U0858,BK00063,10
U0858,BK00061,10
U0858,BK00021,10
U0858,BK00027,8
U0858,BK00043,10
U0858,BK00048,8
U0858,BK00046,10
U0858,BK00064,10
U0858,BK00009,6
U0858,BK00051,5
U0858,BK00034,6
U0859,BK00043,10
U0859,BK00058,10
U0859,BK00057,9
U0859,BK00055,9
U0859,BK00056,10
U0859,BK00046,10
U0859,BK00047,10
U0859,BK00048,10
U0859,BK00029,3
U0859,BK00015,6
U0859,BK00018,5
U0860,BK00006,10
U0860,BK00055,10
U0860,BK00001,8
U0860,BK00008,8
U0860,BK00038,10
U0860,BK00041,9
U0860,BK00040,9
U0860,BK00057,10
U0860,BK00056,9
U0860,BK00009,9
U0860,BK00007,10
U0860,BK00002,8
U0860,BK00042,9
U0860,BK00012,3
U0860,BK00035,7
U0860,BK00028,7
U0861,BK00001,9
U0861,BK00033,8
U0861,BK00007,8
U0861,BK00003,8
U0861,BK00006,9
U0861,BK00031,8
U0861,BK00009,9
U0861,BK00032,10
U0861,BK00058,10
U0861,BK00002,8
U0861,BK00029,10
U0861,BK00030,10
U0861,BK00005,9
U0861,BK00055,9
U0861,BK00045,3
U0862,BK00040,10
U0862,BK00038,8
U0862,BK00042,8
U0862,BK00045,10
U0862,BK00039,10
U0862,BK00041,9
U0862,BK00044,10
U0862,BK00036,3
U0862,BK00003,3
U0862,BK00032,3
U0863,BK00044,9
U0863,BK00045,9
U0863,BK00034,5
U0864,BK00065,9
U0864,BK00062,9
U0864,BK00061,9
U0864,BK00064,8
U0864,BK00066,10
U0864,BK00057,4
U0864,BK00025,4
U0864,BK00052,3
U0864,BK00058,5
U0865,BK00061,9
U0865,BK00064,10
U0865,BK00065,8
U0865,BK00066,9
U0865,BK00060,10
U0865,BK00044,9
U0865,BK00063,10
U0865,BK00059,10
U0865,BK00045,9
U0865,BK00062,10
U0865,BK00013,5
U0866,BK00029,9
U0866,BK00047,10
U0866,BK00046,8
U0866,BK00048,8
U0866,BK00032,9
U0866,BK00034,10
U0866,BK00037,9
U0866,BK00043,9
U0866,BK00033,8
U0866,BK00030,8
U0866,BK00035,10
U0866,BK00031,9
U0866,BK00036,9
U0866,BK00028,10
U0866,BK00006,6
U0867,BK00044,9
U0867,BK00045,9
U0867,BK00041,4
U0867,BK00021,5
U0867,BK00023,3
U0867,BK00039,6
U0868,BK00058,8
U0868,BK00056,9
U0868,BK00055,8
U0868,BK00057,10
U0869,BK00043,9
U0869,BK00046,9
U0869,BK00047,9
U0869,BK00048,9
U0869,BK00017,4
U0869,BK00030,5
U0870,BK00041,10
U0870,BK00056,9
U0870,BK00057,8
U0870,BK00038,9
U0870,BK00040,9
U0870,BK00058,10
U0870,BK00055,10
U0870,BK00018,7
U0870,BK00063,3
U0871,BK00036,10
U0871,BK00031,10
U0871,BK00034,10
U0871,BK00028,10
U0871,BK00035,9
U0871,BK00029,10
U0871,BK00032,8
U0871,BK00045,5
U0871,BK00011,4
U0871,BK00027,6
U0871,BK00002,7
U0872,BK00007,10
U0872,BK00003,10
U0872,BK00033,8
U0872,BK00000,8
U0872,BK00030,10
U0872,BK00009,10
U0872,BK00005,8
U0872,BK00029,9
U0872,BK00035,10
U0872,BK00032,10
U0872,BK00034,9
U0872,BK00004,9
U0872,BK00031,9
U0872,BK00066,6
U0872,BK00024,6
U0873,BK00054,10
U0873,BK00052,9
U0873,BK00050,10
U0873,BK00051,10
U0873,BK00053,10
U0873,BK00049,9
U0873,BK00014,6
U0873,BK00013,6
U0874,BK00005,8
U0874,BK00009,10
U0874,BK00043,10
U0874,BK00007,10
U0874,BK00046,10
U0874,BK00006,9
U0874,BK00001,9
U0874,BK00048,9
U0874,BK00008,9
U0874,BK00000,10
U0874,BK00004,9
U0874,BK00047,10
U0874,BK00002,10
U0874,BK00003,9
U0874,BK00016,7
U0875,BK00066,8
U0875,BK00060,10
U0875,BK00064,8
U0875,BK00054,9
U0875,BK00059,9
U0875,BK00065,8
U0875,BK00048,10
U0875,BK00063,10
U0875,BK00047,10
U0875,BK00033,7
U0876,BK00027,10
U0876,BK00016,10
U0876,BK00040,8
U0876,BK00039,8
U0876,BK00024,9
U0876,BK00012,9
U0876,BK00038,8
U0876,BK00010,9
U0876,BK00026,10
U0876,BK00015,10
U0876,BK00022,9
U0876,BK00019,10
U0876,BK00018,10
U0876,BK00014,8
U0876,BK00021,8
U0876,BK00023,10
U0876,BK00041,9
U0876,BK00025,10
U0876,BK00042,10
U0876,BK00011,10
U0876,BK00054,3
U0876,BK00028,5
U0876,BK00056,5
U0877,BK00063,9
U0877,BK00027,8
U0877,BK00020,9
U0877,BK00001,10
U0877,BK00060,10
U0877,BK00059,8
U0877,BK00004,10
U0877,BK00047,3
U0877,BK00055,5
U0877,BK00031,4
U0877,BK00032,4
U0878,BK00018,10
U0878,BK00007,9
U0878,BK00002,9
U0878,BK00000,9
U0878,BK00019,9
U0878,BK00013,8
U0878,BK00008,9
U0878,BK00056,6
U0879,BK00064,9
U0879,BK00065,9
U0879,BK00063,8
U0879,BK00059,9
U0879,BK00066,9
U0880,BK00052,10
U0880,BK00049,8
U0880,BK00051,9
U0880,BK00054,9
U0880,BK00050,10
U0880,BK00053,10
U0880,BK00045,6
U0880,BK00025,7
U0880,BK00008,4
U0881,BK00043,10
U0881,BK00047,8
U0881,BK00048,9
U0881,BK00046,9
U0881,BK00020,6
U0881,BK00066,4
U0881,BK00059,3
U0881,BK00052,5
U0882,BK00033,10
U0882,BK00035,9
U0882,BK00028,10
U0882,BK00031,10
U0882,BK00034,9
U0882,BK00032,10
U0882,BK00044,8
U0882,BK00037,9
U0882,BK00029,10
U0882,BK00045,10
U0882,BK00030,10
U0882,BK00036,10
U0882,BK00002,6
U0882,BK00054,3
U0882,BK00008,5
U0882,BK00065,4
U0883,BK00026,8
U0883,BK00024,10
U0883,BK00057,10
U0883,BK00021,9
U0883,BK00058,9
U0883,BK00020,9
U0884,BK00044,9
U0884,BK00039,8
U0884,BK00038,9
U0884,BK00041,9
U0884,BK00062,10
U0884,BK00034,6
U0884,BK00000,4
U0884,BK00008,6
U0884,BK00031,4
U0885,BK00042,10
U0885,BK00013,8
U0885,BK00056,10
U0885,BK00017,9
U0885,BK00019,9
U0885,BK00015,10
U0885,BK00040,10
U0885,BK00057,9
U0885,BK00010,10
U0885,BK00058,10
U0885,BK00016,10
U0885,BK00038,9
U0885,BK00048,5
U0885,BK00035,5
U0885,BK00026,3
U0886,BK00048,8
U0886,BK00043,10
U0886,BK00046,10
U0886,BK00047,10
U0886,BK00017,3
U0886,BK00060,3
U0886,BK00012,6
U0887,BK00006,10
U0887,BK00036,9
U0887,BK00034,10
U0887,BK00035,10
U0887,BK00002,8
U0887,BK00008,9
U0887,BK00007,8
U0887,BK00003,9
U0887,BK00032,8
U0887,BK00031,10
U0887,BK00028,8
U0887,BK00005,10
U0887,BK00030,8
U0887,BK00023,5
U0888,BK00055,9
U0888,BK00058,9
U0888,BK00057,8
U0888,BK00056,9
U0888,BK00022,3
U0889,BK00037,9
U0889,BK00028,9
U0889,BK00033,8
U0889,BK00031,8
U0889,BK00034,8
U0889,BK00029,10
U0890,BK00013,9
U0890,BK00016,9
U0890,BK00012,9
U0890,BK00030,10
U0890,BK00033,10
U0890,BK00040,8
U0890,BK00039,10
U0890,BK00028,10
U0890,BK00014,10
U0891,BK00045,9
U0891,BK00044,8
U0891,BK00022,6
U0892,BK00020,9
U0892,BK00024,9
U0892,BK00064,10
U0892,BK00062,10
U0892,BK00061,10
U0892,BK00063,8
U0892,BK00023,10
U0892,BK00022,9
U0892,BK00026,8
U0892,BK00066,10
U0892,BK00027,8
U0892,BK00065,9
U0892,BK00025,10
U0893,BK00051,9
U0893,BK00026,10
U0893,BK00049,10
U0893,BK00025,9
U0893,BK00023,8
U0893,BK00063,7
U0893,BK00064,5
U0894,BK00044,10
U0894,BK00045,9
U0894,BK00061,3
U0894,BK00062,3
U0895,BK00050,8
U0895,BK00051,10
U0895,BK00049,9
U0895,BK00052,9
U0895,BK00054,8
U0895,BK00053,8
U0895,BK00029,4
U0895,BK00005,7
U0895,BK00012,6
U0895,BK00045,7
U0896,BK00055,8
U0896,BK00057,8
U0896,BK00056,9
U0896,BK00058,9
U0896,BK00011,5
U0897,BK00015,10
U0897,BK00018,8
U0897,BK00051,9
U0897,BK00011,9
U0897,BK00017,9
U0897,BK00010,9
U0897,BK00050,9
U0897,BK00029,4
U0897,BK00025,5
U0898,BK00010,10
U0898,BK00012,10
U0898,BK00015,9
U0898,BK00011,10
U0898,BK00016,10
U0898,BK00014,8
U0898,BK00018,9
U0898,BK00019,9
U0898,BK00013,10
U0898,BK00017,9
U0898,BK00027,5
U0898,BK00029,3
U0898,BK00057,4
U0898,BK00062,4
U0899,BK00017,8
U0899,BK00012,10
U0899,BK00016,8
U0899,BK00044,9
U0899,BK00010,10
U0899,BK00015,10
U0899,BK00014,8
U0899,BK00013,9
U0899,BK00018,10
U0899,BK00019,10
U0899,BK00045,10
U0899,BK00011,9
U0899,BK00006,7
